PUBLICATION_DATE,UID,DATE_COL,SITE_ID,SITE_USE,STATE,VISIT_NO,SAMPLE_TYPE,CHLA,CHLA_USEABILITY
7/28/2016,2672,5/13/2011,NWCA11-1299,NWCA_PROBABILITY,FL,1,CHLA,6.44,USE - flag issue minor
7/28/2016,2750,4/13/2011,NWCA11-2418,NWCA_PROBABILITY,SC,1,CHLA,12.98,USE - no issues
7/28/2016,2752,5/11/2011,NWCA11-2432,NWCA_PROBABILITY,SC,1,CHLA,5.12,USE - no issues
7/28/2016,3265,5/10/2011,NWCA11-1011,NWCA_PROBABILITY,AL,1,CHLA,11.24,USE - no issues
7/28/2016,3314,5/12/2011,NWCA11-1105,NWCA_PROBABILITY,CA,1,CHLA,6.77,USE - no issues
7/28/2016,3315,4/25/2011,NWCA11-2402,NWCA_REVISITS,SC,2,CHLA,10.92,USE - no issues
7/28/2016,3316,4/27/2011,NWCA11-2401,NWCA_REVISITS,SC,2,CHLA,12.84,USE - no issues
7/28/2016,3317,6/13/2011,NWCA11-2639,NWCA_PROBABILITY,VA,1,CHLA,5.76,USE - no issues
7/28/2016,3339,6/9/2011,NWCA11-2637,NWCA_PROBABILITY,VA,1,CHLA,46.4,USE - no issues
7/28/2016,3360,5/9/2011,NWCA11-2055,NWCA_PROBABILITY,NC,1,CHLA,4.28,USE - no issues
7/28/2016,3362,5/10/2011,NWCA11-2027,NWCA_PROBABILITY,NC,1,CHLA,19.87,USE - no issues
7/28/2016,3366,4/6/2011,NWCA11-2402,NWCA_PROBABILITY,SC,1,CHLA,13.08,USE - no issues
7/28/2016,3401,5/23/2011,NWCA11-2066,NWCA_PROBABILITY,NC,1,CHLA,2.44,USE - no issues
7/28/2016,3404,5/3/2011,NWCA11-2404,NWCA_PROBABILITY,SC,1,CHLA,2.82,USE - no issues
7/28/2016,3406,6/2/2011,NWCA11-2777,NWCA_PROBABILITY,WV,1,CHLA,0.56,USE - flag issue minor
7/28/2016,3411,6/7/2011,NWCA11-2647,NWCA_PROBABILITY,VA,1,CHLA,103.2,USE - no issues
7/28/2016,3434,6/16/2011,NWCA11-ND-5052,NWCA_PROBABILITY,ND,1,CHLA,0,USE - account for <DL/LRL
7/28/2016,3436,6/2/2011,NWCA11-2634,NWCA_PROBABILITY,VA,1,CHLA,3.96,USE - no issues
7/28/2016,3437,7/19/2011,NWCA11-2651,NWCA_PROBABILITY,VA,1,CHLA,24.37,USE - no issues
7/28/2016,3438,6/30/2011,NWCA11-2652,NWCA_PROBABILITY,VA,1,CHLA,9.86,USE - no issues
7/28/2016,3451,8/1/2011,NWCA11-R305,NWCA_NOT_PROBABILITY,ME,1,CHLA,0.45,USE - no issues
7/28/2016,3454,6/29/2011,NWCA11-OH-3020,NWCA_PROBABILITY,OH,1,CHLA,3.34,USE - no issues
7/28/2016,3456,7/6/2011,NWCA11-ND-5001,NWCA_PROBABILITY,ND,1,CHLA,5.39,USE - no issues
7/28/2016,3457,7/21/2011,NWCA11-ND-5001,NWCA_REVISITS,ND,2,CHLA,59.2,USE - flag issue minor
7/28/2016,3468,6/2/2011,NWCA11-1054,NWCA_PROBABILITY,AR,1,CHLA,15,USE - flag issue minor
7/28/2016,3469,7/6/2011,NWCA11-1021,NWCA_PROBABILITY,AL,1,CHLA,11.3,USE - no issues
7/28/2016,3471,6/22/2011,NWCA11-1017,NWCA_PROBABILITY,AL,1,CHLA,41.26,USE - no issues
7/28/2016,3483,7/20/2011,NWCA11-1823,NWCA_PROBABILITY,ME,1,CHLA,2.1,USE - no issues
7/28/2016,3484,7/13/2011,NWCA11-1821,NWCA_PROBABILITY,ME,1,CHLA,5.56,USE - flag issue minor
7/28/2016,3486,7/14/2011,NWCA11-1837,NWCA_PROBABILITY,ME,1,CHLA,7.02,USE - no issues
7/28/2016,3487,7/12/2011,NWCA11-2225,NWCA_PROBABILITY,NM,1,CHLA,1,USE - no issues
7/28/2016,3488,8/1/2011,NWCA11-2225,NWCA_REVISITS,NM,2,CHLA,7.39,USE - no issues
7/28/2016,3497,7/6/2011,NWCA11-2785,NWCA_PROBABILITY,WY,1,CHLA,1.03,USE - no issues
7/28/2016,3501,7/25/2011,NWCA11-2785,NWCA_REVISITS,WY,2,CHLA,0.72,USE - flag issue minor
7/28/2016,3504,7/7/2011,NWCA11-2799,NWCA_PROBABILITY,WY,1,CHLA,1.98,USE - no issues
7/28/2016,3505,7/25/2011,NWCA11-2800,NWCA_PROBABILITY,WY,1,CHLA,1.42,USE - flag issue minor
7/28/2016,3529,8/3/2011,NWCA11-1162,NWCA_PROBABILITY,CO,1,CHLA,1.09,USE - no issues
7/28/2016,3530,8/6/2011,NWCA11-1174,NWCA_PROBABILITY,CO,1,CHLA,3.62,USE - flag issue minor
7/28/2016,3531,8/2/2011,NWCA11-1821,NWCA_REVISITS,ME,2,CHLA,9.12,USE - no issues
7/28/2016,3532,7/26/2011,NWCA11-1824,NWCA_PROBABILITY,ME,1,CHLA,4.61,USE - no issues
7/28/2016,3544,8/3/2011,NWCA11-2974,NWCA_PROBABILITY,CO,1,CHLA,,REJECT - no usable value
7/28/2016,3545,7/13/2011,NWCA11-OH-3006,NWCA_PROBABILITY,OH,1,CHLA,10.16,USE - no issues
7/28/2016,3548,7/21/2011,NWCA11-1836,NWCA_PROBABILITY,ME,1,CHLA,46.2,USE - no issues
7/28/2016,3569,8/2/2011,NWCA11-1203,NWCA_PROBABILITY,DE,1,CHLA,4.78,USE - no issues
7/28/2016,3570,7/25/2011,NWCA11-2599,NWCA_PROBABILITY,TX,1,CHLA,37.04,USE - no issues
7/28/2016,3575,7/28/2011,NWCA11-1222,NWCA_PROBABILITY,DE,1,CHLA,60.8,USE - no issues
7/28/2016,3576,7/26/2011,NWCA11-1210,NWCA_PROBABILITY,DE,1,CHLA,9,USE - no issues
7/28/2016,3624,8/16/2011,NWCA11-R127,NWCA_NOT_PROBABILITY,MS,1,CHLA,39.78,USE - flag issue minor
7/28/2016,3627,8/8/2011,NWCA11-R307,NWCA_NOT_PROBABILITY,ME,1,CHLA,3.68,USE - no issues
7/28/2016,3629,8/11/2011,NWCA11-R308,NWCA_NOT_PROBABILITY,ME,1,CHLA,1.01,USE - no issues
7/28/2016,3630,7/7/2011,NWCA11-ND-5003,NWCA_PROBABILITY,ND,1,CHLA,17.28,USE - no issues
7/28/2016,3631,7/21/2011,NWCA11-ND-5003,NWCA_REVISITS,ND,2,CHLA,40.2,USE - flag issue minor
7/28/2016,3637,7/20/2011,NWCA11-ND-5008,NWCA_PROBABILITY,ND,1,CHLA,5.58,USE - no issues
7/28/2016,3638,7/5/2011,NWCA11-ND-5010,NWCA_PROBABILITY,ND,1,CHLA,9.92,USE - no issues
7/28/2016,3639,7/7/2011,NWCA11-ND-5011,NWCA_PROBABILITY,ND,1,CHLA,10.88,USE - flag issue minor
7/28/2016,3640,7/19/2011,NWCA11-ND-5012,NWCA_PROBABILITY,ND,1,CHLA,2.66,USE - no issues
7/28/2016,3641,7/12/2011,NWCA11-ND-5013,NWCA_PROBABILITY,ND,1,CHLA,5.2,USE - no issues
7/28/2016,3643,7/11/2011,NWCA11-ND-5006,NWCA_PROBABILITY,ND,1,CHLA,2.89,USE - no issues
7/28/2016,3655,7/24/2011,NWCA11-1638,NWCA_PROBABILITY,LA,1,CHLA,18.22,USE - no issues
7/28/2016,3656,8/4/2011,NWCA11-1646,NWCA_PROBABILITY,LA,1,CHLA,12.85,USE - no issues
7/28/2016,3657,6/12/2011,NWCA11-1661,NWCA_PROBABILITY,LA,1,CHLA,14.73,USE - no issues
7/28/2016,3659,7/23/2011,NWCA11-1677,NWCA_PROBABILITY,LA,1,CHLA,18.15,USE - flag issue minor
7/28/2016,3660,7/22/2011,NWCA11-1685,NWCA_PROBABILITY,LA,1,CHLA,22.11,USE - flag issue minor
7/28/2016,3661,8/2/2011,NWCA11-1697,NWCA_PROBABILITY,LA,1,CHLA,15.82,USE - no issues
7/28/2016,3666,8/18/2011,NWCA11-1197,NWCA_REVISITS,DE,2,CHLA,2.22,USE - no issues
7/28/2016,3667,8/16/2011,NWCA11-1226,NWCA_PROBABILITY,DE,1,CHLA,23.2,USE - no issues
7/28/2016,3669,8/11/2011,NWCA11-2011,NWCA_REVISITS,MT,2,CHLA,5.48,USE - flag issue minor
7/28/2016,3670,8/13/2011,NWCA11-2012,NWCA_PROBABILITY,MT,1,CHLA,1.18,USE - flag issue minor
7/28/2016,3671,8/14/2011,NWCA11-2016,NWCA_PROBABILITY,MT,1,CHLA,1.27,USE - no issues
7/28/2016,3672,8/15/2011,NWCA11-3816,NWCA_PROBABILITY,MT,1,CHLA,1.19,USE - no issues
7/28/2016,3676,8/17/2011,NWCA11-2437,NWCA_PROBABILITY,SC,1,CHLA,14.44,USE - no issues
7/28/2016,3682,7/18/2011,NWCA11-2454,NWCA_PROBABILITY,SC,1,CHLA,10.8,USE - flag issue minor
7/28/2016,3683,8/22/2011,NWCA11-2458,NWCA_PROBABILITY,SC,1,CHLA,17.54,USE - no issues
7/28/2016,3712,7/13/2011,NWCA11-2229,NWCA_PROBABILITY,NM,1,CHLA,1.66,USE - no issues
7/28/2016,3714,6/7/2011,NWCA11-1051,NWCA_PROBABILITY,AR,1,CHLA,8.82,USE - flag issue minor
7/28/2016,3730,8/9/2011,NWCA11-1356,NWCA_PROBABILITY,FL,1,CHLA,2.94,USE - no issues
7/28/2016,3732,8/18/2011,NWCA11-1326,NWCA_PROBABILITY,FL,1,CHLA,18.72,USE - no issues
7/28/2016,3734,8/10/2011,NWCA11-1243,NWCA_PROBABILITY,FL,1,CHLA,2.7,USE - no issues
7/28/2016,3735,8/9/2011,NWCA11-3042,NWCA_PROBABILITY,FL,1,CHLA,0.83,USE - no issues
7/28/2016,3741,8/9/2011,NWCA11-1218,NWCA_PROBABILITY,DE,1,CHLA,6.48,USE - no issues
7/28/2016,3742,7/20/2011,NWCA11-OH-3005,NWCA_PROBABILITY,OH,1,CHLA,14.48,USE - flag issue minor
7/28/2016,3751,9/1/2011,NWCA11-1213,NWCA_PROBABILITY,DE,1,CHLA,7.3,USE - no issues
7/28/2016,3752,8/30/2011,NWCA11-1225,NWCA_PROBABILITY,DE,1,CHLA,1.47,USE - no issues
7/28/2016,3801,8/9/2011,NWCA11-4147,NWCA_PROBABILITY,OR,1,CHLA,29.12,USE - flag issue minor
7/28/2016,3802,7/21/2011,NWCA11-4145,NWCA_PROBABILITY,OR,1,CHLA,0.15,USE - account for <DL/LRL
7/28/2016,3803,6/22/2011,NWCA11-4141,NWCA_PROBABILITY,OR,1,CHLA,20.45,USE - no issues
7/28/2016,3804,6/20/2011,NWCA11-4138,NWCA_PROBABILITY,OR,1,CHLA,4,USE - flag issue minor
7/28/2016,3805,7/19/2011,NWCA11-2359,NWCA_PROBABILITY,OR,1,CHLA,8.92,USE - no issues
7/28/2016,3807,8/11/2011,NWCA11-2358,NWCA_PROBABILITY,OR,1,CHLA,55.2,USE - no issues
7/28/2016,3808,7/12/2011,NWCA11-2355,NWCA_REVISITS,OR,2,CHLA,7.32,USE - no issues
7/28/2016,3809,6/7/2011,NWCA11-2355,NWCA_PROBABILITY,OR,1,CHLA,2.25,USE - flag issue minor
7/28/2016,3810,6/9/2011,NWCA11-2350,NWCA_PROBABILITY,OR,1,CHLA,0.34,USE - no issues
7/28/2016,3811,8/10/2011,NWCA11-2343,NWCA_PROBABILITY,OR,1,CHLA,19,USE - no issues
7/28/2016,3812,6/23/2011,NWCA11-2342,NWCA_PROBABILITY,OR,1,CHLA,0.52,USE - no issues
7/28/2016,3822,8/8/2011,NWCA11-2339,NWCA_PROBABILITY,OR,1,CHLA,633.33,USE - no issues
7/28/2016,3839,8/23/2011,NWCA11-R103,NWCA_NOT_PROBABILITY,PA,1,CHLA,2.22,USE - no issues
7/28/2016,3840,8/20/2011,NWCA11-R206,NWCA_NOT_PROBABILITY,WY,1,CHLA,0.37,USE - flag issue minor
7/28/2016,3847,8/22/2011,NWCA11-R203,NWCA_NOT_PROBABILITY,UT,1,CHLA,0.46,USE - no issues
7/28/2016,3851,9/2/2011,NWCA11-2959,NWCA_PROBABILITY,CO,1,CHLA,0.26,USE - flag issue minor
7/28/2016,3852,8/18/2011,NWCA11-2790,NWCA_REVISITS,WY,2,CHLA,0.67,USE - flag issue minor
7/28/2016,3853,8/29/2011,NWCA11-2633,NWCA_REVISITS,VA,2,CHLA,0.13,USE - account for <DL/LRL
7/28/2016,3854,8/24/2011,NWCA11-2632,NWCA_REVISITS,VA,2,CHLA,142,USE - no issues
7/28/2016,3862,8/16/2011,NWCA11-2674,NWCA_PROBABILITY,VA,1,CHLA,13.95,USE - no issues
7/28/2016,3864,6/26/2011,NWCA11-1633,NWCA_PROBABILITY,LA,1,CHLA,26.2,USE - no issues
7/28/2016,3869,7/15/2011,NWCA11-1827,NWCA_PROBABILITY,ME,1,CHLA,0.18,USE - account for <DL/LRL
7/28/2016,3873,8/3/2011,NWCA11-1825,NWCA_PROBABILITY,ME,1,CHLA,2.33,USE - no issues
7/28/2016,3875,7/18/2011,NWCA11-2538,NWCA_PROBABILITY,TX,1,CHLA,1504.8,USE - no issues
7/28/2016,3876,7/11/2011,NWCA11-OH-3014,NWCA_PROBABILITY,OH,1,CHLA,0.22,USE - account for <DL/LRL
7/28/2016,3878,7/6/2011,NWCA11-OH-3031,NWCA_PROBABILITY,OH,1,CHLA,42.56,USE - no issues
7/28/2016,3880,6/25/2011,NWCA11-1617,NWCA_PROBABILITY,LA,1,CHLA,71.67,USE - flag issue minor
7/28/2016,3881,7/9/2011,NWCA11-1669,NWCA_PROBABILITY,LA,1,CHLA,20.53,USE - flag issue minor
7/28/2016,3882,9/4/2011,NWCA11-R205,NWCA_NOT_PROBABILITY,CO,1,CHLA,5.15,USE - flag issue minor
7/28/2016,3883,8/10/2011,NWCA11-1830,NWCA_PROBABILITY,ME,1,CHLA,5.93,USE - no issues
7/28/2016,3885,8/13/2011,NWCA11-1643,NWCA_PROBABILITY,LA,1,CHLA,20.76,USE - flag issue minor
7/28/2016,3886,8/3/2011,NWCA11-1630,NWCA_PROBABILITY,LA,1,CHLA,13.58,USE - flag issue minor
7/28/2016,3887,7/2/2011,NWCA11-1645,NWCA_PROBABILITY,LA,1,CHLA,3.88,USE - flag issue minor
7/28/2016,3888,8/2/2011,NWCA11-1614,NWCA_PROBABILITY,LA,1,CHLA,13.47,USE - no issues
7/28/2016,3890,8/2/2011,NWCA11-1673,NWCA_PROBABILITY,LA,1,CHLA,24.93,USE - no issues
7/28/2016,3892,9/5/2011,NWCA11-2961,NWCA_PROBABILITY,CO,1,CHLA,84.48,USE - no issues
7/28/2016,3894,8/15/2011,NWCA11-2575,NWCA_PROBABILITY,TX,1,CHLA,5.8,USE - no issues
7/28/2016,3895,8/16/2011,NWCA11-2603,NWCA_PROBABILITY,TX,1,CHLA,12.9,USE - no issues
7/28/2016,3897,6/7/2011,NWCA11-2704,NWCA_PROBABILITY,WA,1,CHLA,4.46,USE - no issues
7/28/2016,3898,6/13/2011,NWCA11-4505,NWCA_PROBABILITY,WA,1,CHLA,4.72,USE - no issues
7/28/2016,3909,8/8/2011,NWCA11-R204,NWCA_NOT_PROBABILITY,CO,1,CHLA,1.03,USE - no issues
7/28/2016,3910,7/19/2011,NWCA11-R095,NWCA_NOT_PROBABILITY,ME,1,CHLA,11.6,USE - no issues
7/28/2016,3912,7/21/2011,NWCA11-R130,NWCA_NOT_PROBABILITY,ME,1,CHLA,4.83,USE - no issues
7/28/2016,3913,9/14/2011,NWCA11-1200,NWCA_PROBABILITY,DE,1,CHLA,812,USE - no issues
7/28/2016,3914,9/12/2011,NWCA11-1198,NWCA_REVISITS,DE,2,CHLA,22.52,USE - no issues
7/28/2016,3919,7/12/2011,NWCA11-R322,NWCA_NOT_PROBABILITY,IN,1,CHLA,3.93,USE - no issues
7/28/2016,3921,8/27/2011,NWCA11-1233,NWCA_REVISITS,FL,2,CHLA,0.59,USE - flag issue minor
7/28/2016,3929,9/12/2011,NWCA11-2765,NWCA_REVISITS,WV,2,CHLA,0.98,USE - no issues
7/28/2016,3930,8/27/2011,NWCA11-1665,NWCA_PROBABILITY,LA,1,CHLA,9.48,USE - flag issue minor
7/28/2016,3932,8/28/2011,NWCA11-1683,NWCA_PROBABILITY,LA,1,CHLA,37.44,USE - no issues
7/28/2016,3933,8/27/2011,NWCA11-1705,NWCA_PROBABILITY,LA,1,CHLA,46,USE - flag issue minor
7/28/2016,3935,8/20/2011,NWCA11-R065,NWCA_NOT_PROBABILITY,AR,1,CHLA,,REJECT - no usable value
7/28/2016,3959,8/3/2011,NWCA11-2080,NWCA_PROBABILITY,NC,1,CHLA,0.35,USE - no issues
7/28/2016,3963,9/15/2011,NWCA11-R135,NWCA_NOT_PROBABILITY,NJ,1,CHLA,10.64,USE - no issues
7/28/2016,3964,9/13/2011,NWCA11-R134,NWCA_NOT_PROBABILITY,NJ,1,CHLA,0.52,USE - no issues
7/28/2016,3965,9/12/2011,NWCA11-R133,NWCA_NOT_PROBABILITY,NJ,1,CHLA,2.6,USE - no issues
7/28/2016,3981,9/12/2011,NWCA11-1005,NWCA_PROBABILITY,AL,1,CHLA,9.28,USE - no issues
7/28/2016,3983,8/22/2011,NWCA11-6368,NWCA_PROBABILITY,WV,1,CHLA,4.11,USE - no issues
7/28/2016,3984,8/24/2011,NWCA11-4579,NWCA_PROBABILITY,WV,1,CHLA,6.3,USE - no issues
7/28/2016,3985,8/31/2011,NWCA11-2764,NWCA_REVISITS,WV,2,CHLA,18.32,USE - no issues
7/28/2016,3986,8/30/2011,NWCA11-OH-3004,NWCA_PROBABILITY,OH,1,CHLA,32.31,USE - no issues
7/28/2016,3987,6/6/2011,NWCA11-OH-3003,NWCA_PROBABILITY,OH,1,CHLA,0.62,USE - no issues
7/28/2016,3989,8/10/2011,NWCA11-OH-3003,NWCA_REVISITS,OH,2,CHLA,6.16,USE - no issues
7/28/2016,3991,9/13/2011,NWCA11-R128,NWCA_NOT_PROBABILITY,MS,1,CHLA,4.05,USE - flag issue minor
7/28/2016,3992,8/8/2011,NWCA11-OH-3005,NWCA_REVISITS,OH,2,CHLA,23.48,USE - no issues
7/28/2016,3993,8/3/2011,NWCA11-OH-3030,NWCA_PROBABILITY,OH,1,CHLA,5.6,USE - no issues
7/28/2016,4008,9/14/2011,NWCA11-1260,NWCA_PROBABILITY,FL,1,CHLA,4.27,USE - no issues
7/28/2016,4009,7/20/2011,NWCA11-1364,NWCA_PROBABILITY,FL,1,CHLA,0.44,USE - no issues
7/28/2016,4011,8/28/2011,NWCA11-1267,NWCA_PROBABILITY,FL,1,CHLA,0.44,USE - no issues
7/28/2016,4012,8/27/2011,NWCA11-1337,NWCA_PROBABILITY,FL,1,CHLA,0.79,USE - flag issue minor
7/28/2016,4015,8/25/2011,NWCA11-1854,NWCA_PROBABILITY,MI,1,CHLA,37.19,USE - no issues
7/28/2016,4021,8/26/2011,NWCA11-1865,NWCA_PROBABILITY,MI,1,CHLA,,REJECT - no usable value
7/28/2016,4025,8/14/2011,NWCA11-R313,NWCA_NOT_PROBABILITY,WI,1,CHLA,13.7,USE - no issues
7/28/2016,4026,8/13/2011,NWCA11-R314,NWCA_NOT_PROBABILITY,WI,1,CHLA,1.77,USE - flag issue minor
7/28/2016,4033,7/12/2011,NWCA11-2028,NWCA_PROBABILITY,NC,1,CHLA,6.1,USE - no issues
7/28/2016,4034,6/20/2011,NWCA11-4499,NWCA_PROBABILITY,WA,1,CHLA,5.01,USE - flag issue minor
7/28/2016,4050,8/2/2011,NWCA11-4522,NWCA_PROBABILITY,WA,1,CHLA,2.64,USE - no issues
7/28/2016,4051,8/1/2011,NWCA11-2706,NWCA_REVISITS,WA,2,CHLA,187.2,USE - no issues
7/28/2016,4052,8/10/2011,NWCA11-6315,NWCA_PROBABILITY,WA,1,CHLA,1029.6,USE - no issues
7/28/2016,4053,8/3/2011,NWCA11-2710,NWCA_PROBABILITY,WA,1,CHLA,1.23,USE - no issues
7/28/2016,4054,9/10/2011,NWCA11-1634,NWCA_PROBABILITY,LA,1,CHLA,9.04,USE - flag issue minor
7/28/2016,4055,9/10/2011,NWCA11-1618,NWCA_PROBABILITY,LA,1,CHLA,6.77,USE - flag issue minor
7/28/2016,4059,8/29/2011,NWCA11-2598,NWCA_PROBABILITY,TX,1,CHLA,21.97,USE - no issues
7/28/2016,4060,8/31/2011,NWCA11-2566,NWCA_PROBABILITY,TX,1,CHLA,436,USE - no issues
7/28/2016,4067,7/21/2011,NWCA11-2030,NWCA_PROBABILITY,NC,1,CHLA,5.79,USE - no issues
7/28/2016,4069,8/9/2011,NWCA11-R321,NWCA_NOT_PROBABILITY,MI,1,CHLA,2.94,USE - flag issue minor
7/28/2016,4073,8/16/2011,NWCA11-R315,NWCA_NOT_PROBABILITY,MN,1,CHLA,8.46,USE - no issues
7/28/2016,4074,7/27/2011,NWCA11-6302,NWCA_PROBABILITY,WA,1,CHLA,2.14,USE - no issues
7/28/2016,4075,7/12/2011,NWCA11-6301,NWCA_PROBABILITY,WA,1,CHLA,5.78,USE - no issues
7/28/2016,4076,7/25/2011,NWCA11-4499,NWCA_REVISITS,WA,2,CHLA,6.78,USE - no issues
7/28/2016,4079,6/28/2011,NWCA11-2706,NWCA_PROBABILITY,WA,1,CHLA,336,USE - no issues
7/28/2016,4081,7/5/2011,NWCA11-1418,NWCA_PROBABILITY,GA,1,CHLA,9.68,USE - no issues
7/28/2016,4082,7/12/2011,NWCA11-1417,NWCA_PROBABILITY,GA,1,CHLA,2.29,REJECT - flag issue major
7/28/2016,4287,9/9/2011,NWCA11-R048,NWCA_NOT_PROBABILITY,PA,1,CHLA,0.15,USE - account for <DL/LRL
7/28/2016,4289,8/25/2011,NWCA11-3586,NWCA_PROBABILITY,MD,1,CHLA,7.12,USE - no issues
7/28/2016,4290,8/5/2011,NWCA11-3583,NWCA_PROBABILITY,MD,1,CHLA,32.68,USE - no issues
7/28/2016,4294,9/18/2011,NWCA11-2371,NWCA_PROBABILITY,PA,1,CHLA,0.2,USE - account for <DL/LRL
7/28/2016,4295,9/29/2011,NWCA11-2369,NWCA_PROBABILITY,PA,1,CHLA,15.65,USE - no issues
7/28/2016,4297,9/8/2011,NWCA11-2367,NWCA_PROBABILITY,PA,1,CHLA,2.42,USE - flag issue minor
7/28/2016,4299,9/21/2011,NWCA11-1792,NWCA_PROBABILITY,MD,1,CHLA,7.09,USE - no issues
7/28/2016,4302,8/4/2011,NWCA11-1813,NWCA_PROBABILITY,MD,1,CHLA,53.09,USE - no issues
7/28/2016,4303,7/29/2011,NWCA11-1805,NWCA_PROBABILITY,MD,1,CHLA,33.3,USE - no issues
7/28/2016,4305,7/28/2011,NWCA11-1793,NWCA_PROBABILITY,MD,1,CHLA,3.42,USE - no issues
7/28/2016,4306,8/19/2011,NWCA11-1790,NWCA_PROBABILITY,MD,1,CHLA,5.28,USE - no issues
7/28/2016,4307,7/27/2011,NWCA11-1779,NWCA_PROBABILITY,MD,1,CHLA,86.4,USE - no issues
7/28/2016,4309,10/13/2011,NWCA11-1369,NWCA_REVISITS,GA,2,CHLA,5.08,USE - no issues
7/28/2016,4313,9/28/2011,NWCA11-2376,NWCA_PROBABILITY,PA,1,CHLA,17.44,USE - flag issue minor
7/28/2016,4315,9/15/2011,NWCA11-3580,NWCA_PROBABILITY,MD,1,CHLA,5.44,USE - no issues
7/28/2016,4317,6/30/2011,NWCA11-R010,NWCA_NOT_PROBABILITY,PA,1,CHLA,1.95,USE - no issues
7/28/2016,4353,9/5/2011,NWCA11-1180,NWCA_PROBABILITY,CT,1,CHLA,3.92,USE - no issues
7/28/2016,4354,9/20/2011,NWCA11-1181,NWCA_PROBABILITY,CT,1,CHLA,0.31,USE - no issues
7/28/2016,4355,7/6/2011,NWCA11-1743,NWCA_PROBABILITY,MA,1,CHLA,9.06,USE - no issues
7/28/2016,4356,8/5/2011,NWCA11-1743,NWCA_REVISITS,MA,2,CHLA,5.16,USE - flag issue minor
7/28/2016,4357,7/10/2011,NWCA11-1744,NWCA_PROBABILITY,MA,1,CHLA,0.89,USE - no issues
7/28/2016,4358,8/6/2011,NWCA11-1744,NWCA_REVISITS,MA,2,CHLA,5.67,USE - flag issue minor
7/28/2016,4359,7/13/2011,NWCA11-1745,NWCA_PROBABILITY,MA,1,CHLA,1.74,USE - flag issue minor
7/28/2016,4360,7/15/2011,NWCA11-1746,NWCA_PROBABILITY,MA,1,CHLA,3.65,USE - flag issue minor
7/28/2016,4361,7/7/2011,NWCA11-1747,NWCA_PROBABILITY,MA,1,CHLA,6.61,USE - no issues
7/28/2016,4363,7/12/2011,NWCA11-1749,NWCA_PROBABILITY,MA,1,CHLA,1.04,USE - no issues
7/28/2016,4364,7/16/2011,NWCA11-1750,NWCA_PROBABILITY,MA,1,CHLA,141.2,USE - flag issue minor
7/28/2016,4365,7/9/2011,NWCA11-1751,NWCA_PROBABILITY,MA,1,CHLA,12.18,USE - flag issue minor
7/28/2016,4366,7/18/2011,NWCA11-1752,NWCA_PROBABILITY,MA,1,CHLA,1.24,USE - no issues
7/28/2016,4367,7/11/2011,NWCA11-1753,NWCA_PROBABILITY,MA,1,CHLA,2.74,USE - no issues
7/28/2016,4368,7/14/2011,NWCA11-1754,NWCA_PROBABILITY,MA,1,CHLA,23.2,USE - no issues
7/28/2016,4370,9/20/2011,NWCA11-2265,NWCA_PROBABILITY,NY,1,CHLA,11.6,USE - no issues
7/28/2016,4371,9/30/2011,NWCA11-2265,NWCA_REVISITS,NY,2,CHLA,4.4,USE - flag issue minor
7/28/2016,4372,7/30/2011,NWCA11-2267,NWCA_PROBABILITY,NY,1,CHLA,12.58,USE - flag issue minor
7/28/2016,4374,8/25/2011,NWCA11-2269,NWCA_PROBABILITY,NY,1,CHLA,65.6,USE - flag issue minor
7/28/2016,4384,8/17/2011,NWCA11-R016,NWCA_NOT_PROBABILITY,NY,1,CHLA,1.97,USE - no issues
7/28/2016,4385,8/23/2011,NWCA11-R017,NWCA_NOT_PROBABILITY,NY,1,CHLA,0.22,USE - account for <DL/LRL
7/28/2016,4388,8/16/2011,NWCA11-R004,NWCA_NOT_PROBABILITY,NY,1,CHLA,6.05,USE - no issues
7/28/2016,4389,7/11/2011,NWCA11-R052,NWCA_NOT_PROBABILITY,VA,1,CHLA,39.47,USE - flag issue minor
7/28/2016,4393,7/10/2011,NWCA11-R070,NWCA_NOT_PROBABILITY,NC,1,CHLA,18.24,USE - no issues
7/28/2016,4394,7/8/2011,NWCA11-R071,NWCA_NOT_PROBABILITY,NC,1,CHLA,14.06,USE - flag issue minor
7/28/2016,4396,8/16/2011,NWCA11-2392,NWCA_PROBABILITY,RI,1,CHLA,0.24,USE - no issues
7/28/2016,4397,8/8/2011,NWCA11-2390,NWCA_PROBABILITY,RI,1,CHLA,36.23,USE - no issues
7/28/2016,4398,8/14/2011,NWCA11-2389,NWCA_PROBABILITY,RI,1,CHLA,1.35,USE - no issues
7/28/2016,4399,8/11/2011,NWCA11-2388,NWCA_PROBABILITY,RI,1,CHLA,4.04,USE - no issues
7/28/2016,4403,8/10/2011,NWCA11-2384,NWCA_PROBABILITY,RI,1,CHLA,0.35,USE - no issues
7/28/2016,4404,8/7/2011,NWCA11-2382,NWCA_PROBABILITY,RI,1,CHLA,12.6,USE - no issues
7/28/2016,4405,8/12/2011,NWCA11-2381,NWCA_PROBABILITY,RI,1,CHLA,44.57,USE - flag issue minor
7/28/2016,4406,8/9/2011,NWCA11-R124,NWCA_NOT_PROBABILITY,ME,1,CHLA,4.83,USE - no issues
7/28/2016,4441,6/22/2011,NWCA11-R116,NWCA_NOT_PROBABILITY,WI,1,CHLA,2.4,USE - no issues
7/28/2016,4442,9/7/2011,NWCA11-4703,NWCA_PROBABILITY,AZ,1,CHLA,7.48,USE - no issues
7/28/2016,4444,9/7/2011,NWCA11-2529,NWCA_REVISITS,TX,2,CHLA,11.2,USE - no issues
7/28/2016,4445,6/20/2011,NWCA11-2529,NWCA_PROBABILITY,TX,1,CHLA,107.31,USE - no issues
7/28/2016,4446,6/14/2011,NWCA11-R006,NWCA_NOT_PROBABILITY,SC,1,CHLA,11.17,USE - no issues
7/28/2016,4449,8/10/2011,NWCA11-R117,NWCA_NOT_PROBABILITY,MN,1,CHLA,94.03,USE - no issues
7/28/2016,4450,8/11/2011,NWCA11-R113,NWCA_NOT_PROBABILITY,MN,1,CHLA,3.21,USE - flag issue minor
7/28/2016,4453,8/9/2011,NWCA11-R112,NWCA_NOT_PROBABILITY,MN,1,CHLA,1.56,USE - no issues
7/28/2016,4456,8/8/2011,NWCA11-R110,NWCA_NOT_PROBABILITY,MN,1,CHLA,12.5,USE - no issues
7/28/2016,4460,9/20/2011,NWCA11-4699,NWCA_PROBABILITY,AZ,1,CHLA,4.03,USE - flag issue minor
7/28/2016,4461,9/8/2011,NWCA11-4692,NWCA_PROBABILITY,AZ,1,CHLA,1.42,USE - flag issue minor
7/28/2016,4462,9/6/2011,NWCA11-2900,NWCA_PROBABILITY,AZ,1,CHLA,6.42,USE - flag issue minor
7/28/2016,4463,9/20/2011,NWCA11-2897,NWCA_PROBABILITY,AZ,1,CHLA,3.21,USE - flag issue minor
7/28/2016,4464,9/21/2011,NWCA11-2890,NWCA_PROBABILITY,AZ,1,CHLA,6.51,USE - flag issue minor
7/28/2016,4465,9/22/2011,NWCA11-2262,NWCA_PROBABILITY,NY,1,CHLA,5.39,USE - flag issue minor
7/28/2016,4466,9/27/2011,NWCA11-2281,NWCA_PROBABILITY,NY,1,CHLA,10.64,USE - no issues
7/28/2016,4468,9/21/2011,NWCA11-2279,NWCA_PROBABILITY,NY,1,CHLA,9.52,USE - no issues
7/28/2016,4470,9/26/2011,NWCA11-2277,NWCA_PROBABILITY,NY,1,CHLA,28,USE - flag issue minor
7/28/2016,4472,8/6/2011,NWCA11-2275,NWCA_PROBABILITY,NY,1,CHLA,0.87,USE - flag issue minor
7/28/2016,4473,9/24/2011,NWCA11-2273,NWCA_PROBABILITY,NY,1,CHLA,2.58,USE - flag issue minor
7/28/2016,4475,9/29/2011,NWCA11-2269,NWCA_REVISITS,NY,2,CHLA,25.4,USE - no issues
7/28/2016,4476,9/5/2011,NWCA11-1092,NWCA_PROBABILITY,AZ,1,CHLA,23.45,USE - flag issue minor
7/28/2016,4477,9/21/2011,NWCA11-1092,NWCA_REVISITS,AZ,2,CHLA,7.9,USE - flag issue minor
7/28/2016,4478,9/22/2011,NWCA11-1095,NWCA_REVISITS,AZ,2,CHLA,7.12,REJECT - flag issue major
7/28/2016,4479,9/8/2011,NWCA11-1095,NWCA_PROBABILITY,AZ,1,CHLA,3.04,USE - flag issue minor
7/28/2016,4483,7/13/2011,NWCA11-2748,NWCA_PROBABILITY,WI,1,CHLA,10.8,USE - flag issue minor
7/28/2016,4485,7/26/2011,NWCA11-2746,NWCA_PROBABILITY,WI,1,CHLA,79.6,USE - flag issue minor
7/28/2016,4486,7/8/2011,NWCA11-2745,NWCA_PROBABILITY,WI,1,CHLA,23,USE - flag issue minor
7/28/2016,4491,7/20/2011,NWCA11-2737,NWCA_PROBABILITY,WI,1,CHLA,97.1,USE - flag issue minor
7/28/2016,4495,7/27/2011,NWCA11-2732,NWCA_REVISITS,WI,2,CHLA,20.9,USE - flag issue minor
7/28/2016,4496,7/12/2011,NWCA11-2732,NWCA_PROBABILITY,WI,1,CHLA,141,USE - flag issue minor
7/28/2016,4497,6/15/2011,NWCA11-R024,NWCA_NOT_PROBABILITY,SC,1,CHLA,24.8,USE - no issues
7/28/2016,4500,9/13/2011,NWCA11-2181,NWCA_PROBABILITY,NH,1,CHLA,87.2,USE - no issues
7/28/2016,4539,9/20/2011,NWCA11-2032,NWCA_PROBABILITY,NC,1,CHLA,327.2,USE - no issues
7/28/2016,4541,5/16/2011,NWCA11-2045,NWCA_PROBABILITY,NC,1,CHLA,2.63,USE - no issues
7/28/2016,4543,5/19/2011,NWCA11-2049,NWCA_PROBABILITY,NC,1,CHLA,1.41,USE - flag issue minor
7/28/2016,4549,9/9/2011,NWCA11-2393,NWCA_PROBABILITY,RI,1,CHLA,2.82,USE - flag issue minor
7/28/2016,4550,9/10/2011,NWCA11-2381,NWCA_REVISITS,RI,2,CHLA,6.38,USE - flag issue minor
7/28/2016,4551,9/6/2011,NWCA11-2382,NWCA_REVISITS,RI,2,CHLA,3.18,USE - no issues
7/28/2016,4683,9/23/2011,NWCA11-1193,NWCA_PROBABILITY,CT,1,CHLA,2.54,USE - flag issue minor
7/28/2016,4684,9/11/2011,NWCA11-1190,NWCA_PROBABILITY,CT,1,CHLA,0.17,USE - account for <DL/LRL
7/28/2016,4685,9/26/2011,NWCA11-1189,NWCA_PROBABILITY,CT,1,CHLA,0.95,USE - no issues
7/28/2016,4686,9/21/2011,NWCA11-1188,NWCA_PROBABILITY,CT,1,CHLA,316.13,USE - no issues
7/28/2016,4687,9/8/2011,NWCA11-1187,NWCA_PROBABILITY,CT,1,CHLA,3.68,USE - no issues
7/28/2016,4688,9/13/2011,NWCA11-1186,NWCA_PROBABILITY,CT,1,CHLA,1.41,USE - no issues
7/28/2016,4689,9/7/2011,NWCA11-1184,NWCA_PROBABILITY,CT,1,CHLA,8,USE - no issues
7/28/2016,4690,9/22/2011,NWCA11-1183,NWCA_PROBABILITY,CT,1,CHLA,2.08,USE - no issues
7/28/2016,4691,9/25/2011,NWCA11-1180,NWCA_REVISITS,CT,2,CHLA,12.3,USE - no issues
7/28/2016,4692,9/24/2011,NWCA11-1179,NWCA_REVISITS,CT,2,CHLA,2.29,USE - flag issue minor
7/28/2016,4693,9/12/2011,NWCA11-1179,NWCA_PROBABILITY,CT,1,CHLA,1.34,USE - no issues
7/28/2016,4694,10/17/2011,NWCA11-3063,NWCA_PROBABILITY,FL,1,CHLA,10.54,USE - no issues
7/28/2016,4697,7/25/2011,NWCA11-1489,NWCA_PROBABILITY,ID,1,CHLA,,REJECT - no usable value
7/28/2016,4699,8/29/2011,NWCA11-3309,NWCA_PROBABILITY,ID,1,CHLA,1.02,USE - flag issue minor
7/28/2016,4702,8/22/2011,NWCA11-1514,NWCA_PROBABILITY,ID,1,CHLA,0.67,USE - flag issue minor
7/28/2016,4703,8/23/2011,NWCA11-1504,NWCA_PROBABILITY,ID,1,CHLA,3.38,USE - flag issue minor
7/28/2016,4704,8/25/2011,NWCA11-1489,NWCA_REVISITS,ID,2,CHLA,0.63,USE - no issues
7/28/2016,4705,7/26/2011,NWCA11-3303,NWCA_PROBABILITY,ID,1,CHLA,1.7,USE - no issues
7/28/2016,4706,7/17/2011,NWCA11-3312,NWCA_PROBABILITY,ID,1,CHLA,11.04,USE - no issues
7/28/2016,4707,7/7/2011,NWCA11-3300,NWCA_PROBABILITY,ID,1,CHLA,4.45,USE - no issues
7/28/2016,4714,8/9/2011,NWCA11-3297,NWCA_PROBABILITY,ID,1,CHLA,0.47,USE - flag issue minor
7/28/2016,4719,9/20/2011,NWCA11-1552,NWCA_PROBABILITY,IN,1,CHLA,16.72,USE - no issues
7/28/2016,4726,6/29/2011,NWCA11-ID-0012,NWCA_NOT_PROBABILITY,ID,1,CHLA,3.12,USE - no issues
7/28/2016,4739,9/4/2011,NWCA11-R080,NWCA_NOT_PROBABILITY,TX,1,CHLA,4.67,USE - flag issue minor
7/28/2016,4742,8/21/2011,NWCA11-R036,NWCA_NOT_PROBABILITY,AR,1,CHLA,29,USE - flag issue minor
7/28/2016,4749,7/20/2011,NWCA11-2321,NWCA_PROBABILITY,OK,1,CHLA,33,USE - no issues
7/28/2016,4753,8/4/2011,NWCA11-2139,NWCA_REVISITS,NE,2,CHLA,34.67,USE - no issues
7/28/2016,4754,9/10/2011,NWCA11-1709,NWCA_PROBABILITY,LA,1,CHLA,31,USE - flag issue minor
7/28/2016,4756,9/24/2011,NWCA11-1707,NWCA_PROBABILITY,LA,1,CHLA,23.08,USE - flag issue minor
7/28/2016,4757,9/10/2011,NWCA11-1658,NWCA_PROBABILITY,LA,1,CHLA,14.36,USE - flag issue minor
7/28/2016,4762,8/3/2011,NWCA11-2140,NWCA_REVISITS,NE,2,CHLA,63.6,USE - no issues
7/28/2016,4763,7/18/2011,NWCA11-2142,NWCA_PROBABILITY,NE,1,CHLA,3.2,USE - account for <DL/LRL
7/28/2016,4764,7/17/2011,NWCA11-2146,NWCA_PROBABILITY,NE,1,CHLA,74.8,REJECT - flag issue major
7/28/2016,4767,7/16/2011,NWCA11-2153,NWCA_PROBABILITY,NE,1,CHLA,94,USE - flag issue minor
7/28/2016,4768,7/13/2011,NWCA11-2154,NWCA_PROBABILITY,NE,1,CHLA,13.04,USE - no issues
7/28/2016,4770,9/10/2011,NWCA11-R001,NWCA_NOT_PROBABILITY,FL,1,CHLA,4.81,USE - flag issue minor
7/28/2016,4771,9/14/2011,NWCA11-R003,NWCA_NOT_PROBABILITY,NC,1,CHLA,4.26,USE - no issues
7/28/2016,4772,6/13/2011,NWCA11-R007,NWCA_NOT_PROBABILITY,SC,1,CHLA,20.32,USE - no issues
7/28/2016,4773,9/13/2011,NWCA11-R012,NWCA_NOT_PROBABILITY,NC,1,CHLA,5.31,USE - no issues
7/28/2016,4774,9/21/2011,NWCA11-R013,NWCA_NOT_PROBABILITY,IL,1,CHLA,53.6,USE - no issues
7/28/2016,4780,7/20/2011,NWCA11-R025,NWCA_NOT_PROBABILITY,NE,1,CHLA,8.5,USE - no issues
7/28/2016,4781,7/27/2011,NWCA11-R026,NWCA_NOT_PROBABILITY,MT,1,CHLA,16.44,USE - no issues
7/28/2016,4787,7/14/2011,NWCA11-ND-5015,NWCA_PROBABILITY,ND,1,CHLA,18.6,USE - no issues
7/28/2016,4791,9/14/2011,NWCA11-3316,NWCA_PROBABILITY,IL,1,CHLA,72.4,USE - no issues
7/28/2016,4792,9/28/2011,NWCA11-1555,NWCA_PROBABILITY,IN,1,CHLA,13.96,USE - no issues
7/28/2016,4795,8/4/2011,NWCA11-5086,NWCA_PROBABILITY,IA,1,CHLA,117.54,USE - no issues
7/28/2016,4798,7/25/2011,NWCA11-3284,NWCA_PROBABILITY,IA,1,CHLA,12.84,USE - no issues
7/28/2016,4799,8/10/2011,NWCA11-3278,NWCA_PROBABILITY,IA,1,CHLA,4.57,USE - no issues
7/28/2016,4800,8/3/2011,NWCA11-3275,NWCA_PROBABILITY,IA,1,CHLA,51.52,USE - no issues
7/28/2016,4801,8/11/2011,NWCA11-3270,NWCA_PROBABILITY,IA,1,CHLA,13.24,USE - no issues
7/28/2016,4802,8/9/2011,NWCA11-1478,NWCA_PROBABILITY,IA,1,CHLA,8.74,USE - no issues
7/28/2016,4803,7/29/2011,NWCA11-1481,NWCA_PROBABILITY,IA,1,CHLA,21.97,USE - flag issue minor
7/28/2016,4812,8/18/2011,NWCA11-1473,NWCA_REVISITS,IA,2,CHLA,11.06,USE - no issues
7/28/2016,4813,8/11/2011,NWCA11-2178,NWCA_PROBABILITY,NH,1,CHLA,0.75,USE - no issues
7/28/2016,4814,7/22/2011,NWCA11-1473,NWCA_PROBABILITY,IA,1,CHLA,35.64,USE - flag issue minor
7/28/2016,4815,8/18/2011,NWCA11-1465,NWCA_REVISITS,IA,2,CHLA,69.33,USE - no issues
7/28/2016,4816,7/20/2011,NWCA11-1465,NWCA_PROBABILITY,IA,1,CHLA,236.8,USE - no issues
7/28/2016,4818,7/19/2011,NWCA11-1477,NWCA_PROBABILITY,IA,1,CHLA,58,USE - no issues
7/28/2016,4845,7/6/2011,NWCA11-ND-5083,NWCA_PROBABILITY,ND,1,CHLA,0,USE - account for <DL/LRL
7/28/2016,4846,6/27/2011,NWCA11-ND-5084,NWCA_PROBABILITY,ND,1,CHLA,0,USE - account for <DL/LRL
7/28/2016,4858,7/26/2011,NWCA11-ND-5094,NWCA_PROBABILITY,ND,1,CHLA,0,USE - account for <DL/LRL
7/28/2016,4862,8/9/2011,NWCA11-1696,NWCA_PROBABILITY,LA,1,CHLA,28.8,USE - no issues
7/28/2016,4865,5/13/2011,NWCA11-1668,NWCA_PROBABILITY,LA,1,CHLA,3.13,USE - flag issue minor
7/28/2016,4871,6/11/2011,NWCA11-1636,NWCA_PROBABILITY,LA,1,CHLA,4.4,USE - flag issue minor
7/28/2016,4872,7/20/2011,NWCA11-ND-5085,NWCA_PROBABILITY,ND,1,CHLA,47.5,USE - no issues
7/28/2016,4873,7/19/2011,NWCA11-ND-5089,NWCA_PROBABILITY,ND,1,CHLA,10.7,USE - no issues
7/28/2016,4874,7/21/2011,NWCA11-ND-5091,NWCA_PROBABILITY,ND,1,CHLA,443,USE - no issues
7/28/2016,4875,7/6/2011,NWCA11-ND-5093,NWCA_PROBABILITY,ND,1,CHLA,0,USE - account for <DL/LRL
7/28/2016,4876,7/26/2011,NWCA11-ND-5095,NWCA_PROBABILITY,ND,1,CHLA,26,USE - no issues
7/28/2016,4877,5/22/2011,NWCA11-1632,NWCA_PROBABILITY,LA,1,CHLA,18.44,USE - no issues
7/28/2016,4880,6/27/2011,NWCA11-1611,NWCA_PROBABILITY,LA,1,CHLA,163.44,USE - no issues
7/28/2016,4881,6/15/2011,NWCA11-OH-3019,NWCA_PROBABILITY,OH,1,CHLA,0.21,USE - account for <DL/LRL
7/28/2016,4883,6/8/2011,NWCA11-OH-3022,NWCA_PROBABILITY,OH,1,CHLA,3.81,USE - no issues
7/28/2016,4887,6/29/2011,NWCA11-WI-1001,NWCA_PROBABILITY,WI,1,CHLA,4.39,USE - no issues
7/28/2016,4890,9/9/2011,NWCA11-WI-1009,NWCA_PROBABILITY,WI,1,CHLA,112,USE - flag issue minor
7/28/2016,4900,7/13/2011,NWCA11-ID-0018,NWCA_NOT_PROBABILITY,ID,1,CHLA,,REJECT - no usable value
7/28/2016,4904,9/10/2011,NWCA11-ID-0045,NWCA_NOT_PROBABILITY,ID,1,CHLA,1.21,USE - flag issue minor
7/28/2016,4905,7/15/2011,NWCA11-ID-0059,NWCA_NOT_PROBABILITY,ID,1,CHLA,5,USE - flag issue minor
7/28/2016,4906,8/10/2011,NWCA11-ID-0062,NWCA_NOT_PROBABILITY,ID,1,CHLA,2.81,USE - flag issue minor
7/28/2016,4908,8/16/2011,NWCA11-ID-0069,NWCA_NOT_PROBABILITY,ID,1,CHLA,0.69,USE - no issues
7/28/2016,4909,9/11/2011,NWCA11-ID-0066,NWCA_NOT_PROBABILITY,ID,1,CHLA,1.51,USE - no issues
7/28/2016,4910,9/7/2011,NWCA11-ID-0084,NWCA_NOT_PROBABILITY,ID,1,CHLA,2.78,USE - no issues
7/28/2016,4911,10/10/2011,NWCA11-1245,NWCA_PROBABILITY,FL,1,CHLA,4.47,USE - no issues
7/28/2016,4912,5/16/2011,NWCA11-1278,NWCA_PROBABILITY,FL,1,CHLA,4.06,USE - no issues
7/28/2016,4914,5/17/2011,NWCA11-1286,NWCA_PROBABILITY,FL,1,CHLA,95.6,USE - no issues
7/28/2016,4916,6/2/2011,NWCA11-1292,NWCA_PROBABILITY,FL,1,CHLA,6.32,USE - flag issue minor
7/28/2016,4920,4/25/2011,NWCA11-1311,NWCA_PROBABILITY,FL,1,CHLA,206.74,USE - no issues
7/28/2016,4922,6/7/2011,NWCA11-1308,NWCA_PROBABILITY,FL,1,CHLA,7,USE - flag issue minor
7/28/2016,4925,10/9/2011,NWCA11-1324,NWCA_PROBABILITY,FL,1,CHLA,2.98,USE - no issues
7/28/2016,4926,7/7/2011,NWCA11-1325,NWCA_PROBABILITY,FL,1,CHLA,0.35,USE - no issues
7/28/2016,4927,7/13/2011,NWCA11-1329,NWCA_PROBABILITY,FL,1,CHLA,1.12,USE - no issues
7/28/2016,4929,6/8/2011,NWCA11-1342,NWCA_PROBABILITY,FL,1,CHLA,14.31,USE - flag issue minor
7/28/2016,4939,6/22/2011,NWCA11-ND-5016,NWCA_PROBABILITY,ND,1,CHLA,0,USE - account for <DL/LRL
7/28/2016,4944,7/13/2011,NWCA11-1587,NWCA_PROBABILITY,KY,1,CHLA,60,USE - no issues
7/28/2016,4946,6/30/2011,NWCA11-1591,NWCA_PROBABILITY,KY,1,CHLA,33,USE - no issues
7/28/2016,4949,8/9/2011,NWCA11-1602,NWCA_PROBABILITY,KY,1,CHLA,6.08,USE - flag issue minor
7/28/2016,4954,6/5/2011,NWCA11-1613,NWCA_PROBABILITY,LA,1,CHLA,,REJECT - no usable value
7/28/2016,4955,6/18/2011,NWCA11-1626,NWCA_PROBABILITY,LA,1,CHLA,13.3,USE - flag issue minor
7/28/2016,4956,7/1/2011,NWCA11-1629,NWCA_PROBABILITY,LA,1,CHLA,18.73,USE - flag issue minor
7/28/2016,4957,4/29/2011,NWCA11-1631,NWCA_PROBABILITY,LA,1,CHLA,6.4,USE - flag issue minor
7/28/2016,4958,5/25/2011,NWCA11-1637,NWCA_PROBABILITY,LA,1,CHLA,19.12,USE - no issues
7/28/2016,4961,9/10/2011,NWCA11-2159,NWCA_PROBABILITY,NE,1,CHLA,9.5,USE - flag issue minor
7/28/2016,4964,7/14/2011,NWCA11-1348,NWCA_PROBABILITY,FL,1,CHLA,2.38,USE - no issues
7/28/2016,4966,9/24/2011,NWCA11-1359,NWCA_PROBABILITY,FL,1,CHLA,11.5,USE - flag issue minor
7/28/2016,4967,9/24/2011,NWCA11-1363,NWCA_PROBABILITY,FL,1,CHLA,48.8,USE - flag issue minor
7/28/2016,4972,8/18/2011,NWCA11-1369,NWCA_PROBABILITY,GA,1,CHLA,7.7,USE - no issues
7/28/2016,4973,6/1/2011,NWCA11-1370,NWCA_PROBABILITY,GA,1,CHLA,6.62,USE - no issues
7/28/2016,4974,8/30/2011,NWCA11-1372,NWCA_PROBABILITY,GA,1,CHLA,8.97,USE - no issues
7/28/2016,4979,7/19/2011,NWCA11-1379,NWCA_PROBABILITY,GA,1,CHLA,13.94,USE - no issues
7/28/2016,5039,6/28/2011,NWCA11-ND-5066,NWCA_PROBABILITY,ND,1,CHLA,0,USE - account for <DL/LRL
7/28/2016,5040,7/27/2011,NWCA11-ND-5017,NWCA_PROBABILITY,ND,1,CHLA,0,USE - account for <DL/LRL
7/28/2016,5041,7/6/2011,NWCA11-ND-5019,NWCA_PROBABILITY,ND,1,CHLA,0,USE - account for <DL/LRL
7/28/2016,5042,6/16/2011,NWCA11-ND-5021,NWCA_PROBABILITY,ND,1,CHLA,0,USE - account for <DL/LRL
7/28/2016,5043,6/30/2011,NWCA11-ND-5023,NWCA_PROBABILITY,ND,1,CHLA,6.01,USE - no issues
7/28/2016,5047,7/26/2011,NWCA11-ND-5030,NWCA_PROBABILITY,ND,1,CHLA,59.5,USE - no issues
7/28/2016,5048,6/30/2011,NWCA11-ND-5032,NWCA_PROBABILITY,ND,1,CHLA,0,USE - account for <DL/LRL
7/28/2016,5049,7/5/2011,NWCA11-ND-5034,NWCA_PROBABILITY,ND,1,CHLA,0,USE - account for <DL/LRL
7/28/2016,5050,7/18/2011,NWCA11-ND-5037,NWCA_PROBABILITY,ND,1,CHLA,0,USE - account for <DL/LRL
7/28/2016,5051,6/15/2011,NWCA11-ND-5067,NWCA_PROBABILITY,ND,1,CHLA,0,USE - account for <DL/LRL
7/28/2016,5060,5/12/2011,NWCA11-1015,NWCA_PROBABILITY,AL,1,CHLA,38.8,USE - no issues
7/28/2016,5062,9/29/2011,NWCA11-1035,NWCA_PROBABILITY,AL,1,CHLA,31,USE - no issues
7/28/2016,5063,6/4/2011,NWCA11-1043,NWCA_PROBABILITY,AR,1,CHLA,191,USE - flag issue minor
7/28/2016,5066,6/28/2011,NWCA11-1046,NWCA_PROBABILITY,AR,1,CHLA,21.5,USE - flag issue minor
7/28/2016,5069,6/29/2011,NWCA11-1050,NWCA_PROBABILITY,AR,1,CHLA,76.8,USE - flag issue minor
7/28/2016,5070,7/6/2011,NWCA11-1053,NWCA_PROBABILITY,AR,1,CHLA,39.1,USE - flag issue minor
7/28/2016,5090,4/4/2011,NWCA11-2401,NWCA_PROBABILITY,SC,1,CHLA,9.8,USE - no issues
7/28/2016,5092,7/22/2011,NWCA11-ND-5079,NWCA_PROBABILITY,ND,1,CHLA,227,USE - no issues
7/28/2016,5098,5/24/2011,NWCA11-1953,NWCA_PROBABILITY,MS,1,CHLA,12.52,USE - no issues
7/28/2016,5099,5/20/2011,NWCA11-1946,NWCA_REVISITS,MS,2,CHLA,4.98,USE - flag issue minor
7/28/2016,5100,5/7/2011,NWCA11-1946,NWCA_PROBABILITY,MS,1,CHLA,6.61,USE - flag issue minor
7/28/2016,5102,7/25/2011,NWCA11-R303,NWCA_NOT_PROBABILITY,ME,1,CHLA,7.96,USE - no issues
7/28/2016,5103,7/27/2011,NWCA11-R304,NWCA_NOT_PROBABILITY,ME,1,CHLA,6.1,USE - no issues
7/28/2016,5105,7/14/2011,NWCA11-R312,NWCA_NOT_PROBABILITY,MI,1,CHLA,3.09,USE - flag issue minor
7/28/2016,5108,7/12/2011,NWCA11-R126,NWCA_NOT_PROBABILITY,FL,1,CHLA,1.06,USE - flag issue minor
7/28/2016,5109,7/5/2011,NWCA11-1942,NWCA_PROBABILITY,MO,1,CHLA,1.05,USE - no issues
7/28/2016,5111,5/26/2011,NWCA11-1653,NWCA_PROBABILITY,LA,1,CHLA,6.88,USE - flag issue minor
7/28/2016,5112,6/17/2011,NWCA11-1654,NWCA_PROBABILITY,LA,1,CHLA,152.27,USE - flag issue minor
7/28/2016,5113,5/1/2011,NWCA11-1659,NWCA_PROBABILITY,LA,1,CHLA,2.81,USE - no issues
7/28/2016,5114,5/10/2011,NWCA11-1662,NWCA_PROBABILITY,LA,1,CHLA,463.2,USE - no issues
7/28/2016,5117,7/7/2011,NWCA11-1935,NWCA_PROBABILITY,MO,1,CHLA,1.99,USE - flag issue minor
7/28/2016,5118,6/19/2011,NWCA11-1642,NWCA_PROBABILITY,LA,1,CHLA,16.32,USE - no issues
7/28/2016,5121,8/2/2011,NWCA11-2488,NWCA_PROBABILITY,SD,1,CHLA,279.2,USE - no issues
7/28/2016,5122,8/2/2011,NWCA11-2481,NWCA_REVISITS,SD,2,CHLA,69.87,USE - no issues
7/28/2016,5123,6/27/2011,NWCA11-2481,NWCA_PROBABILITY,SD,1,CHLA,14.76,USE - no issues
7/28/2016,5145,7/5/2011,NWCA11-1065,NWCA_PROBABILITY,AR,1,CHLA,6.29,USE - flag issue minor
7/28/2016,5146,6/16/2011,NWCA11-1078,NWCA_PROBABILITY,AR,1,CHLA,198,USE - flag issue minor
7/28/2016,5149,5/18/2011,NWCA11-2065,NWCA_PROBABILITY,NC,1,CHLA,13.04,USE - no issues
7/28/2016,5155,8/30/2011,NWCA11-3988,NWCA_PROBABILITY,NJ,1,CHLA,6.78,USE - no issues
7/28/2016,5156,9/27/2011,NWCA11-3989,NWCA_PROBABILITY,NJ,1,CHLA,6.19,USE - no issues
7/28/2016,5158,9/21/2011,NWCA11-3986,NWCA_PROBABILITY,NJ,1,CHLA,17.62,USE - no issues
7/28/2016,5160,8/2/2011,NWCA11-2222,NWCA_PROBABILITY,NJ,1,CHLA,48.27,USE - no issues
7/28/2016,5161,8/9/2011,NWCA11-2220,NWCA_PROBABILITY,NJ,1,CHLA,3.34,USE - no issues
7/28/2016,5162,9/26/2011,NWCA11-2215,NWCA_PROBABILITY,NJ,1,CHLA,2.02,USE - no issues
7/28/2016,5163,9/28/2011,NWCA11-2207,NWCA_PROBABILITY,NJ,1,CHLA,6.66,USE - no issues
7/28/2016,5164,8/18/2011,NWCA11-2205,NWCA_PROBABILITY,NJ,1,CHLA,46.93,USE - no issues
7/28/2016,5165,8/11/2011,NWCA11-2204,NWCA_PROBABILITY,NJ,1,CHLA,8.64,USE - no issues
7/28/2016,5167,9/14/2011,NWCA11-2199,NWCA_PROBABILITY,NJ,1,CHLA,15.76,USE - no issues
7/28/2016,5168,8/31/2011,NWCA11-2198,NWCA_PROBABILITY,NJ,1,CHLA,17,USE - no issues
7/28/2016,5169,7/28/2011,NWCA11-2197,NWCA_PROBABILITY,NJ,1,CHLA,41.33,USE - no issues
7/28/2016,5170,8/10/2011,NWCA11-2196,NWCA_PROBABILITY,NJ,1,CHLA,22.29,USE - no issues
7/28/2016,5172,6/15/2011,NWCA11-2195,NWCA_PROBABILITY,NJ,1,CHLA,2.13,USE - no issues
7/28/2016,5176,8/17/2011,NWCA11-2186,NWCA_REVISITS,NJ,2,CHLA,12.34,USE - no issues
7/28/2016,5183,6/27/2011,NWCA11-ND-5040,NWCA_PROBABILITY,ND,1,CHLA,0,USE - account for <DL/LRL
7/28/2016,5184,7/14/2011,NWCA11-ND-5042,NWCA_PROBABILITY,ND,1,CHLA,67.4,USE - no issues
7/28/2016,5185,6/21/2011,NWCA11-ND-5043,NWCA_PROBABILITY,ND,1,CHLA,0,USE - account for <DL/LRL
7/28/2016,5186,6/29/2011,NWCA11-ND-5046,NWCA_PROBABILITY,ND,1,CHLA,0,USE - account for <DL/LRL
7/28/2016,5187,7/13/2011,NWCA11-ND-5048,NWCA_PROBABILITY,ND,1,CHLA,0,USE - account for <DL/LRL
7/28/2016,5188,6/13/2011,NWCA11-ND-5049,NWCA_PROBABILITY,ND,1,CHLA,0,USE - account for <DL/LRL
7/28/2016,5189,7/15/2011,NWCA11-ND-5055,NWCA_PROBABILITY,ND,1,CHLA,0,USE - account for <DL/LRL
7/28/2016,5190,6/22/2011,NWCA11-ND-5056,NWCA_PROBABILITY,ND,1,CHLA,20.8,USE - no issues
7/28/2016,5191,7/11/2011,NWCA11-ND-5062,NWCA_PROBABILITY,ND,1,CHLA,0,USE - account for <DL/LRL
7/28/2016,5192,7/25/2011,NWCA11-ND-5059,NWCA_PROBABILITY,ND,1,CHLA,0,USE - account for <DL/LRL
7/28/2016,5193,6/28/2011,NWCA11-ND-5065,NWCA_PROBABILITY,ND,1,CHLA,0,USE - account for <DL/LRL
7/28/2016,5194,6/23/2011,NWCA11-ND-5069,NWCA_PROBABILITY,ND,1,CHLA,0,USE - account for <DL/LRL
7/28/2016,5195,7/12/2011,NWCA11-ND-5072,NWCA_PROBABILITY,ND,1,CHLA,0,USE - account for <DL/LRL
7/28/2016,5196,6/29/2011,NWCA11-ND-5073,NWCA_PROBABILITY,ND,1,CHLA,0,USE - account for <DL/LRL
7/28/2016,5197,6/20/2011,NWCA11-ND-5075,NWCA_PROBABILITY,ND,1,CHLA,46.7,USE - no issues
7/28/2016,5200,7/11/2011,NWCA11-R108,NWCA_NOT_PROBABILITY,WV,1,CHLA,5.01,USE - no issues
7/28/2016,5201,6/27/2011,NWCA11-R107,NWCA_NOT_PROBABILITY,MD,1,CHLA,3.2,USE - no issues
7/28/2016,5202,6/14/2011,NWCA11-R114,NWCA_NOT_PROBABILITY,IL,1,CHLA,5.16,USE - no issues
7/28/2016,5203,7/11/2011,NWCA11-R202,NWCA_NOT_PROBABILITY,MT,1,CHLA,2.05,USE - no issues
7/28/2016,5206,6/20/2011,NWCA11-2411,NWCA_PROBABILITY,SC,1,CHLA,5.19,USE - no issues
7/28/2016,5207,6/19/2011,NWCA11-R084,NWCA_NOT_PROBABILITY,SD,1,CHLA,0.99,USE - no issues
7/28/2016,5208,7/22/2011,NWCA11-R086,NWCA_NOT_PROBABILITY,NE,1,CHLA,308.8,USE - flag issue minor
7/28/2016,5209,6/17/2011,NWCA11-R087,NWCA_NOT_PROBABILITY,SD,1,CHLA,26.34,USE - no issues
7/28/2016,5210,7/7/2011,NWCA11-R092,NWCA_NOT_PROBABILITY,NH,1,CHLA,1.01,USE - no issues
7/28/2016,5213,7/13/2011,NWCA11-R101,NWCA_NOT_PROBABILITY,WV,1,CHLA,107.2,USE - no issues
7/28/2016,5215,7/27/2011,NWCA11-2186,NWCA_PROBABILITY,NJ,1,CHLA,17.52,USE - no issues
7/28/2016,5244,6/29/2011,NWCA11-ND-5078,NWCA_PROBABILITY,ND,1,CHLA,0,USE - account for <DL/LRL
7/28/2016,5245,6/23/2011,NWCA11-ND-5082,NWCA_PROBABILITY,ND,1,CHLA,0,USE - account for <DL/LRL
7/28/2016,5247,6/28/2011,NWCA11-ND-5018,NWCA_PROBABILITY,ND,1,CHLA,52.1,USE - no issues
7/28/2016,5249,4/20/2011,NWCA11-2433,NWCA_PROBABILITY,SC,1,CHLA,1.88,USE - no issues
7/28/2016,5250,6/15/2011,NWCA11-2436,NWCA_PROBABILITY,SC,1,CHLA,6.48,USE - no issues
7/28/2016,5268,9/22/2011,NWCA11-1105,NWCA_REVISITS,CA,2,CHLA,3.12,USE - no issues
7/28/2016,5270,7/3/2011,NWCA11-1649,NWCA_PROBABILITY,LA,1,CHLA,38.4,USE - flag issue minor
7/28/2016,5274,7/18/2011,NWCA11-R301,NWCA_NOT_PROBABILITY,ME,1,CHLA,2.52,USE - no issues
7/28/2016,5278,5/31/2011,NWCA11-1086,NWCA_PROBABILITY,AR,1,CHLA,16.9,USE - flag issue minor
7/28/2016,5279,6/1/2011,NWCA11-1074,NWCA_PROBABILITY,AR,1,CHLA,1.26,USE - flag issue minor
7/28/2016,5280,6/15/2011,NWCA11-1061,NWCA_PROBABILITY,AR,1,CHLA,39.6,USE - flag issue minor
7/28/2016,5285,6/22/2011,NWCA11-2052,NWCA_PROBABILITY,NC,1,CHLA,13.94,USE - no issues
7/28/2016,5287,5/15/2011,NWCA11-1965,NWCA_PROBABILITY,MS,1,CHLA,3.62,REJECT - flag issue major
7/28/2016,5289,8/23/2011,NWCA11-1959,NWCA_PROBABILITY,MS,1,CHLA,33.07,USE - no issues
7/28/2016,5290,4/30/2011,NWCA11-1958,NWCA_PROBABILITY,MS,1,CHLA,23.85,USE - flag issue minor
7/28/2016,5291,5/16/2011,NWCA11-1957,NWCA_PROBABILITY,MS,1,CHLA,6.98,USE - no issues
7/28/2016,5295,6/17/2011,NWCA11-R058,NWCA_NOT_PROBABILITY,NC,1,CHLA,6.19,USE - flag issue minor
7/28/2016,5299,7/21/2011,NWCA11-5615,NWCA_PROBABILITY,MT,1,CHLA,2.03,USE - no issues
7/28/2016,5300,7/13/2011,NWCA11-5614,NWCA_PROBABILITY,MT,1,CHLA,2.68,USE - no issues
7/28/2016,5301,7/21/2011,NWCA11-5616,NWCA_PROBABILITY,MT,1,CHLA,11.77,USE - no issues
7/28/2016,5302,7/7/2011,NWCA11-5610,NWCA_PROBABILITY,MT,1,CHLA,1.1,USE - no issues
7/28/2016,5303,6/29/2011,NWCA11-6086,NWCA_PROBABILITY,SD,1,CHLA,25.49,USE - flag issue minor
7/28/2016,5304,8/1/2011,NWCA11-6092,NWCA_PROBABILITY,SD,1,CHLA,42.8,USE - no issues
7/28/2016,5306,7/1/2011,NWCA11-6101,NWCA_PROBABILITY,SD,1,CHLA,38.72,USE - flag issue minor
7/28/2016,5307,8/17/2011,NWCA11-6308,NWCA_PROBABILITY,WA,1,CHLA,24.9,USE - no issues
7/28/2016,5310,6/9/2011,NWCA11-1082,NWCA_PROBABILITY,AR,1,CHLA,69.2,USE - flag issue minor
7/28/2016,5312,6/6/2011,NWCA11-1063,NWCA_PROBABILITY,AR,1,CHLA,7.99,USE - flag issue minor
7/28/2016,5320,9/7/2011,NWCA11-1582,NWCA_REVISITS,KY,2,CHLA,34.22,USE - no issues
7/28/2016,5339,6/30/2011,NWCA11-2686,NWCA_PROBABILITY,VT,1,CHLA,2.22,USE - flag issue minor
7/28/2016,5341,7/21/2011,NWCA11-4495,NWCA_PROBABILITY,VT,1,CHLA,0.21,USE - no issues
7/28/2016,5354,5/31/2011,NWCA11-1114,NWCA_PROBABILITY,CA,1,CHLA,32.27,USE - no issues
7/28/2016,5357,6/24/2011,NWCA11-1123,NWCA_PROBABILITY,CA,1,CHLA,19,USE - no issues
7/28/2016,5359,7/10/2011,NWCA11-1127,NWCA_PROBABILITY,CA,1,CHLA,5.46,USE - no issues
7/28/2016,5362,7/12/2011,NWCA11-1133,NWCA_PROBABILITY,CA,1,CHLA,2.02,USE - no issues
7/28/2016,5363,7/20/2011,NWCA11-1136,NWCA_PROBABILITY,CA,1,CHLA,108,USE - no issues
7/28/2016,5367,6/1/2011,NWCA11-1147,NWCA_PROBABILITY,CA,1,CHLA,145.2,USE - no issues
7/28/2016,5370,6/15/2011,NWCA11-1163,NWCA_PROBABILITY,CO,1,CHLA,1.47,REJECT - flag issue major
7/28/2016,5371,5/31/2011,NWCA11-1168,NWCA_PROBABILITY,CO,1,CHLA,5,USE - no issues
7/28/2016,5372,7/14/2011,NWCA11-1197,NWCA_PROBABILITY,DE,1,CHLA,20.84,USE - flag issue minor
7/28/2016,5373,7/12/2011,NWCA11-1198,NWCA_PROBABILITY,DE,1,CHLA,28.56,USE - no issues
7/28/2016,5375,7/21/2011,NWCA11-1207,NWCA_PROBABILITY,DE,1,CHLA,13.41,USE - flag issue minor
7/28/2016,5377,7/7/2011,NWCA11-1223,NWCA_PROBABILITY,DE,1,CHLA,7.6,USE - no issues
7/28/2016,5378,7/11/2011,NWCA11-1233,NWCA_PROBABILITY,FL,1,CHLA,2.26,USE - no issues
7/28/2016,5381,9/23/2011,NWCA11-1239,NWCA_PROBABILITY,FL,1,CHLA,5.79,USE - flag issue minor
7/28/2016,5383,6/3/2011,NWCA11-1248,NWCA_PROBABILITY,FL,1,CHLA,10.46,USE - flag issue minor
7/28/2016,5384,7/12/2011,NWCA11-1249,NWCA_PROBABILITY,FL,1,CHLA,7.58,USE - no issues
7/28/2016,5385,6/9/2011,NWCA11-1256,NWCA_PROBABILITY,FL,1,CHLA,13.91,USE - no issues
7/28/2016,5386,6/30/2011,NWCA11-1258,NWCA_PROBABILITY,FL,1,CHLA,8.32,USE - no issues
7/28/2016,5410,6/28/2011,NWCA11-1581,NWCA_PROBABILITY,KY,1,CHLA,18.24,USE - no issues
7/28/2016,5411,6/29/2011,NWCA11-1381,NWCA_PROBABILITY,GA,1,CHLA,8.85,USE - no issues
7/28/2016,5412,4/20/2011,NWCA11-1382,NWCA_PROBABILITY,GA,1,CHLA,8.6,USE - no issues
7/28/2016,5414,8/17/2011,NWCA11-1385,NWCA_PROBABILITY,GA,1,CHLA,8.76,USE - no issues
7/28/2016,5418,6/15/2011,NWCA11-1393,NWCA_PROBABILITY,GA,1,CHLA,8.03,USE - no issues
7/28/2016,5419,7/21/2011,NWCA11-1395,NWCA_PROBABILITY,GA,1,CHLA,4.63,USE - no issues
7/28/2016,5420,7/13/2011,NWCA11-1396,NWCA_PROBABILITY,GA,1,CHLA,5.55,USE - no issues
7/28/2016,5421,6/28/2011,NWCA11-1397,NWCA_PROBABILITY,GA,1,CHLA,6.85,USE - no issues
7/28/2016,5431,6/8/2011,NWCA11-1400,NWCA_PROBABILITY,GA,1,CHLA,12.27,USE - no issues
7/28/2016,5432,6/14/2011,NWCA11-1401,NWCA_PROBABILITY,GA,1,CHLA,16.67,USE - no issues
7/28/2016,5433,7/27/2011,NWCA11-1404,NWCA_PROBABILITY,GA,1,CHLA,17.76,USE - no issues
7/28/2016,5434,8/4/2011,NWCA11-1408,NWCA_PROBABILITY,GA,1,CHLA,4.89,USE - no issues
7/28/2016,5435,6/21/2011,NWCA11-1409,NWCA_PROBABILITY,GA,1,CHLA,12.03,USE - no issues
7/28/2016,5436,8/1/2011,NWCA11-1411,NWCA_PROBABILITY,GA,1,CHLA,13.63,USE - no issues
7/28/2016,5437,7/14/2011,NWCA11-1412,NWCA_PROBABILITY,GA,1,CHLA,5.9,USE - no issues
7/28/2016,5438,4/21/2011,NWCA11-1414,NWCA_PROBABILITY,GA,1,CHLA,4.86,USE - no issues
7/28/2016,5441,7/6/2011,NWCA11-1532,NWCA_PROBABILITY,IL,1,CHLA,11.52,USE - no issues
7/28/2016,5444,8/10/2011,NWCA11-1582,NWCA_PROBABILITY,KY,1,CHLA,70.13,USE - flag issue minor
7/28/2016,5445,7/13/2011,NWCA11-1583,NWCA_PROBABILITY,KY,1,CHLA,25.4,USE - no issues
7/28/2016,5451,5/5/2011,NWCA11-1667,NWCA_PROBABILITY,LA,1,CHLA,26.24,USE - no issues
7/28/2016,5453,8/12/2011,NWCA11-1675,NWCA_PROBABILITY,LA,1,CHLA,48.92,USE - flag issue minor
7/28/2016,5455,6/10/2011,NWCA11-1678,NWCA_PROBABILITY,LA,1,CHLA,69.4,USE - flag issue minor
7/28/2016,5456,9/10/2011,NWCA11-1680,NWCA_PROBABILITY,LA,1,CHLA,42.93,USE - flag issue minor
7/28/2016,5458,6/13/2011,NWCA11-1690,NWCA_PROBABILITY,LA,1,CHLA,203.4,USE - no issues
7/28/2016,5460,6/15/2011,NWCA11-1694,NWCA_PROBABILITY,LA,1,CHLA,18,USE - no issues
7/28/2016,5489,8/14/2011,NWCA11-1703,NWCA_PROBABILITY,LA,1,CHLA,39.38,USE - no issues
7/28/2016,5490,9/12/2011,NWCA11-1860,NWCA_PROBABILITY,MI,1,CHLA,60.8,USE - no issues
7/28/2016,5491,6/16/2011,NWCA11-1773,NWCA_PROBABILITY,MD,1,CHLA,10.91,USE - no issues
7/28/2016,5494,9/22/2011,NWCA11-1778,NWCA_PROBABILITY,MD,1,CHLA,3.65,USE - no issues
7/28/2016,5495,6/2/2011,NWCA11-1788,NWCA_PROBABILITY,MD,1,CHLA,4.96,USE - flag issue minor
7/28/2016,5496,7/14/2011,NWCA11-1789,NWCA_PROBABILITY,MD,1,CHLA,3.11,USE - no issues
7/28/2016,5497,8/24/2011,NWCA11-1798,NWCA_PROBABILITY,MD,1,CHLA,17.76,USE - no issues
7/28/2016,5500,9/23/2011,NWCA11-1816,NWCA_PROBABILITY,MD,1,CHLA,42.67,USE - flag issue minor
7/28/2016,5504,6/29/2011,NWCA11-1829,NWCA_PROBABILITY,ME,1,CHLA,0.25,USE - no issues
7/28/2016,5505,6/21/2011,NWCA11-1832,NWCA_PROBABILITY,ME,1,CHLA,16.47,USE - no issues
7/28/2016,5506,7/1/2011,NWCA11-1833,NWCA_PROBABILITY,ME,1,CHLA,3,USE - flag issue minor
7/28/2016,5508,9/9/2011,NWCA11-1855,NWCA_PROBABILITY,MI,1,CHLA,3.98,USE - no issues
7/28/2016,5514,9/6/2011,NWCA11-1867,NWCA_PROBABILITY,MI,1,CHLA,182.4,USE - no issues
7/28/2016,5517,5/18/2011,NWCA11-1969,NWCA_PROBABILITY,MS,1,CHLA,9.28,USE - no issues
7/28/2016,5518,5/17/2011,NWCA11-1970,NWCA_PROBABILITY,MS,1,CHLA,6.74,USE - no issues
7/28/2016,5532,8/31/2011,NWCA11-1977,NWCA_PROBABILITY,MS,1,CHLA,11.5,USE - flag issue minor
7/28/2016,5542,8/31/2011,NWCA11-1993,NWCA_PROBABILITY,MS,1,CHLA,21.18,USE - flag issue minor
7/28/2016,5544,7/6/2011,NWCA11-2011,NWCA_PROBABILITY,MT,1,CHLA,4.72,USE - no issues
7/28/2016,5545,7/19/2011,NWCA11-2020,NWCA_PROBABILITY,MT,1,CHLA,3.12,USE - no issues
7/28/2016,5546,7/18/2011,NWCA11-2022,NWCA_PROBABILITY,MT,1,CHLA,,REJECT - no usable value
7/28/2016,5551,8/10/2011,NWCA11-2033,NWCA_PROBABILITY,NC,1,CHLA,110.46,USE - no issues
7/28/2016,5553,6/7/2011,NWCA11-2036,NWCA_PROBABILITY,NC,1,CHLA,15.62,USE - no issues
7/28/2016,5555,5/26/2011,NWCA11-2038,NWCA_PROBABILITY,NC,1,CHLA,1.19,USE - flag issue minor
7/28/2016,5557,8/31/2011,NWCA11-2039,NWCA_PROBABILITY,NC,1,CHLA,0.95,USE - no issues
7/28/2016,5560,9/19/2011,NWCA11-2042,NWCA_PROBABILITY,NC,1,CHLA,1.48,USE - no issues
7/28/2016,5566,9/21/2011,NWCA11-2048,NWCA_PROBABILITY,NC,1,CHLA,,REJECT - no usable value
7/28/2016,5568,8/23/2011,NWCA11-2051,NWCA_PROBABILITY,NC,1,CHLA,27,USE - no issues
7/28/2016,5582,6/6/2011,NWCA11-2070,NWCA_PROBABILITY,NC,1,CHLA,15.94,USE - no issues
7/28/2016,5584,9/1/2011,NWCA11-2073,NWCA_PROBABILITY,NC,1,CHLA,1.87,USE - no issues
7/28/2016,5586,6/8/2011,NWCA11-2074,NWCA_PROBABILITY,NC,1,CHLA,10.9,USE - no issues
7/28/2016,5588,6/13/2011,NWCA11-2075,NWCA_PROBABILITY,NC,1,CHLA,239.47,USE - no issues
7/28/2016,5590,9/8/2011,NWCA11-2076,NWCA_PROBABILITY,NC,1,CHLA,12.78,USE - flag issue minor
7/28/2016,5593,9/9/2011,NWCA11-2081,NWCA_PROBABILITY,NC,1,CHLA,8.23,USE - flag issue minor
7/28/2016,5595,6/27/2011,NWCA11-2140,NWCA_PROBABILITY,NE,1,CHLA,140,USE - no issues
7/28/2016,5597,7/8/2011,NWCA11-2151,NWCA_PROBABILITY,NE,1,CHLA,4.92,USE - flag issue minor
7/28/2016,5600,6/30/2011,NWCA11-2148,NWCA_PROBABILITY,NE,1,CHLA,9.45,USE - no issues
7/28/2016,5604,8/30/2011,NWCA11-2170,NWCA_PROBABILITY,NH,1,CHLA,135.6,USE - no issues
7/28/2016,5605,7/21/2011,NWCA11-2172,NWCA_PROBABILITY,NH,1,CHLA,0.74,USE - no issues
7/28/2016,5606,8/24/2011,NWCA11-2175,NWCA_PROBABILITY,NH,1,CHLA,15.81,USE - no issues
7/28/2016,5607,9/1/2011,NWCA11-2176,NWCA_PROBABILITY,NH,1,CHLA,0.19,USE - no issues
7/28/2016,5608,7/13/2011,NWCA11-2177,NWCA_PROBABILITY,NH,1,CHLA,3.99,USE - no issues
7/28/2016,5609,8/2/2011,NWCA11-2243,NWCA_PROBABILITY,NV,1,CHLA,1.99,USE - no issues
7/28/2016,5611,8/6/2011,NWCA11-2246,NWCA_PROBABILITY,NV,1,CHLA,4.63,USE - flag issue minor
7/28/2016,5620,7/19/2011,NWCA11-R201,NWCA_NOT_PROBABILITY,MT,1,CHLA,4.25,USE - no issues
7/28/2016,5621,6/24/2011,NWCA11-R121,NWCA_NOT_PROBABILITY,MT,1,CHLA,0.57,USE - flag issue minor
7/28/2016,5622,6/26/2011,NWCA11-R019,NWCA_NOT_PROBABILITY,MT,1,CHLA,24.48,USE - no issues
7/28/2016,5623,6/28/2011,NWCA11-R020,NWCA_NOT_PROBABILITY,MT,1,CHLA,3.05,USE - flag issue minor
7/28/2016,5633,9/9/2011,NWCA11-R028,NWCA_NOT_PROBABILITY,FL,1,CHLA,2.63,USE - flag issue minor
7/28/2016,5635,9/22/2011,NWCA11-R031,NWCA_NOT_PROBABILITY,KY,1,CHLA,20.12,USE - flag issue minor
7/28/2016,5640,6/5/2011,NWCA11-R037,NWCA_NOT_PROBABILITY,LA,1,CHLA,3.9,USE - no issues
7/28/2016,5642,7/27/2011,NWCA11-R041,NWCA_NOT_PROBABILITY,IA,1,CHLA,66.16,USE - no issues
7/28/2016,5643,6/24/2011,NWCA11-R042,NWCA_NOT_PROBABILITY,MN,1,CHLA,3.36,USE - no issues
7/28/2016,5644,6/21/2011,NWCA11-R043,NWCA_NOT_PROBABILITY,ND,1,CHLA,2.39,USE - flag issue minor
7/28/2016,5646,6/28/2011,NWCA11-R051,NWCA_NOT_PROBABILITY,LA,1,CHLA,12.11,USE - no issues
7/28/2016,5655,8/12/2011,NWCA11-2243,NWCA_REVISITS,NV,2,CHLA,9.43,USE - no issues
7/28/2016,5657,9/15/2011,NWCA11-2167,NWCA_REVISITS,NH,2,CHLA,1.52,USE - flag issue minor
7/28/2016,5665,6/25/2011,NWCA11-R050,NWCA_NOT_PROBABILITY,WI,1,CHLA,1.25,USE - flag issue minor
7/28/2016,5667,6/16/2011,NWCA11-R054,NWCA_NOT_PROBABILITY,MN,1,CHLA,12.48,USE - no issues
7/28/2016,5668,7/21/2011,NWCA11-R055,NWCA_NOT_PROBABILITY,NE,1,CHLA,12,USE - flag issue minor
7/28/2016,5669,6/22/2011,NWCA11-R056,NWCA_NOT_PROBABILITY,ND,1,CHLA,3.09,USE - no issues
7/28/2016,5671,7/28/2011,NWCA11-R059,NWCA_NOT_PROBABILITY,IA,1,CHLA,881.6,USE - no issues
7/28/2016,5672,9/23/2011,NWCA11-R060,NWCA_NOT_PROBABILITY,KY,1,CHLA,18.26,USE - flag issue minor
7/28/2016,5673,7/24/2011,NWCA11-R061,NWCA_NOT_PROBABILITY,NE,1,CHLA,67.2,USE - no issues
7/28/2016,5674,9/27/2011,NWCA11-R062,NWCA_NOT_PROBABILITY,OH,1,CHLA,7.63,USE - no issues
7/28/2016,5675,7/28/2011,NWCA11-R063,NWCA_NOT_PROBABILITY,MT,1,CHLA,1.77,USE - flag issue minor
7/28/2016,5677,7/25/2011,NWCA11-R066,NWCA_NOT_PROBABILITY,NE,1,CHLA,18.4,USE - no issues
7/28/2016,5679,6/11/2011,NWCA11-R073,NWCA_NOT_PROBABILITY,FL,1,CHLA,5.55,USE - flag issue minor
7/28/2016,5680,9/11/2011,NWCA11-R074,NWCA_NOT_PROBABILITY,FL,1,CHLA,0.98,USE - no issues
7/28/2016,5681,6/24/2011,NWCA11-R076,NWCA_NOT_PROBABILITY,LA,1,CHLA,56.2,USE - flag issue minor
7/28/2016,5682,6/10/2011,NWCA11-R077,NWCA_NOT_PROBABILITY,FL,1,CHLA,7.67,USE - flag issue minor
7/28/2016,5690,7/30/2011,NWCA11-2495,NWCA_REVISITS,SD,2,CHLA,2059.2,USE - flag issue minor
7/28/2016,5696,6/23/2011,NWCA11-2495,NWCA_PROBABILITY,SD,1,CHLA,15.91,USE - no issues
7/28/2016,5697,6/24/2011,NWCA11-2500,NWCA_PROBABILITY,SD,1,CHLA,10.5,USE - no issues
7/28/2016,5698,7/29/2011,NWCA11-2502,NWCA_PROBABILITY,SD,1,CHLA,11.08,USE - flag issue minor
7/28/2016,5706,7/21/2011,NWCA11-2514,NWCA_PROBABILITY,TN,1,CHLA,46.8,USE - flag issue minor
7/28/2016,5707,7/23/2011,NWCA11-2515,NWCA_PROBABILITY,TN,1,CHLA,45.6,USE - flag issue minor
7/28/2016,5709,7/20/2011,NWCA11-2518,NWCA_PROBABILITY,TN,1,CHLA,38.4,USE - no issues
7/28/2016,5713,7/26/2011,NWCA11-2526,NWCA_PROBABILITY,TN,1,CHLA,128.86,USE - no issues
7/28/2016,5718,7/7/2011,NWCA11-2540,NWCA_PROBABILITY,TX,1,CHLA,102.72,USE - no issues
7/28/2016,5719,6/7/2011,NWCA11-2541,NWCA_PROBABILITY,TX,1,CHLA,48,USE - no issues
7/28/2016,5726,6/6/2011,NWCA11-2564,NWCA_PROBABILITY,TX,1,CHLA,40.4,USE - no issues
7/28/2016,5733,6/23/2011,NWCA11-2573,NWCA_PROBABILITY,TX,1,CHLA,15.34,USE - no issues
7/28/2016,5736,7/12/2011,NWCA11-2589,NWCA_PROBABILITY,TX,1,CHLA,67.67,USE - no issues
7/28/2016,5738,9/8/2011,NWCA11-2593,NWCA_PROBABILITY,TX,1,CHLA,48.8,USE - no issues
7/28/2016,5739,7/26/2011,NWCA11-2612,NWCA_PROBABILITY,UT,1,CHLA,0.81,USE - no issues
7/28/2016,5740,8/30/2011,NWCA11-2612,NWCA_REVISITS,UT,2,CHLA,1.07,USE - no issues
7/28/2016,5741,7/21/2011,NWCA11-2619,NWCA_PROBABILITY,UT,1,CHLA,2.1,USE - flag issue minor
7/28/2016,5742,9/6/2011,NWCA11-2619,NWCA_REVISITS,UT,2,CHLA,1.15,USE - no issues
7/28/2016,5743,7/28/2011,NWCA11-2620,NWCA_PROBABILITY,UT,1,CHLA,2.25,USE - no issues
7/28/2016,5744,8/2/2011,NWCA11-2623,NWCA_PROBABILITY,UT,1,CHLA,1.38,USE - no issues
7/28/2016,5745,9/7/2011,NWCA11-2628,NWCA_PROBABILITY,UT,1,CHLA,5.24,USE - no issues
7/28/2016,5746,6/21/2011,NWCA11-2632,NWCA_PROBABILITY,VA,1,CHLA,14.02,USE - no issues
7/28/2016,5750,6/29/2011,NWCA11-2655,NWCA_PROBABILITY,VA,1,CHLA,22.68,USE - no issues
7/28/2016,5751,7/21/2011,NWCA11-2656,NWCA_PROBABILITY,VA,1,CHLA,2.1,USE - no issues
7/28/2016,5753,6/22/2011,NWCA11-2660,NWCA_PROBABILITY,VA,1,CHLA,2.75,USE - no issues
7/28/2016,5755,7/14/2011,NWCA11-2667,NWCA_PROBABILITY,VA,1,CHLA,4.27,USE - no issues
7/28/2016,5756,7/28/2011,NWCA11-2670,NWCA_PROBABILITY,VA,1,CHLA,1.06,USE - no issues
7/28/2016,5757,8/16/2011,NWCA11-2718,NWCA_PROBABILITY,WA,1,CHLA,138.8,USE - no issues
7/28/2016,5759,5/16/2011,NWCA11-2764,NWCA_PROBABILITY,WV,1,CHLA,3.89,USE - no issues
7/28/2016,5760,7/6/2011,NWCA11-2765,NWCA_PROBABILITY,WV,1,CHLA,5.99,USE - no issues
7/28/2016,5764,6/28/2011,NWCA11-2780,NWCA_PROBABILITY,WV,1,CHLA,0.52,USE - no issues
7/28/2016,5767,5/18/2011,NWCA11-1383,NWCA_PROBABILITY,GA,1,CHLA,49.36,USE - no issues
7/28/2016,5774,6/18/2011,NWCA11-2795,NWCA_PROBABILITY,WY,1,CHLA,0.46,USE - account for <DL/LRL
7/28/2016,5776,7/7/2011,NWCA11-2847,NWCA_PROBABILITY,AR,1,CHLA,1.12,USE - flag issue minor
7/28/2016,5781,9/19/2011,NWCA11-2917,NWCA_PROBABILITY,CA,1,CHLA,0.73,USE - flag issue minor
7/28/2016,5782,7/7/2011,NWCA11-2918,NWCA_PROBABILITY,CA,1,CHLA,10.56,USE - no issues
7/28/2016,5783,6/23/2011,NWCA11-2921,NWCA_PROBABILITY,CA,1,CHLA,39.77,USE - no issues
7/28/2016,5784,10/4/2011,NWCA11-2922,NWCA_PROBABILITY,CA,1,CHLA,1.9,USE - flag issue minor
7/28/2016,5787,7/11/2011,NWCA11-2940,NWCA_PROBABILITY,CA,1,CHLA,5.76,USE - no issues
7/28/2016,5788,6/27/2011,NWCA11-2941,NWCA_PROBABILITY,CA,1,CHLA,40.4,USE - no issues
7/28/2016,5790,6/22/2011,NWCA11-2947,NWCA_PROBABILITY,CA,1,CHLA,14.64,REJECT - flag issue major
7/28/2016,5791,7/9/2011,NWCA11-2949,NWCA_PROBABILITY,CA,1,CHLA,2.28,USE - flag issue minor
7/28/2016,5792,6/2/2011,NWCA11-2957,NWCA_PROBABILITY,CO,1,CHLA,1.53,USE - no issues
7/28/2016,5802,5/31/2011,NWCA11-2633,NWCA_PROBABILITY,VA,1,CHLA,0.23,USE - account for <DL/LRL
7/28/2016,5805,7/20/2011,NWCA11-3051,NWCA_PROBABILITY,FL,1,CHLA,1.25,USE - flag issue minor
7/28/2016,5807,9/23/2011,NWCA11-3062,NWCA_PROBABILITY,FL,1,CHLA,11.1,USE - flag issue minor
7/28/2016,5815,8/11/2011,NWCA11-3383,NWCA_PROBABILITY,KY,1,CHLA,22.32,USE - no issues
7/28/2016,5821,9/29/2011,NWCA11-3388,NWCA_PROBABILITY,KY,1,CHLA,89.07,USE - no issues
7/28/2016,5822,7/13/2011,NWCA11-3568,NWCA_PROBABILITY,MD,1,CHLA,33.13,USE - no issues
7/28/2016,5843,7/5/2011,NWCA11-3803,NWCA_PROBABILITY,MT,1,CHLA,0.66,USE - no issues
7/28/2016,5845,6/23/2011,NWCA11-3818,NWCA_PROBABILITY,MT,1,CHLA,6.37,USE - no issues
7/28/2016,5846,7/6/2011,NWCA11-3821,NWCA_PROBABILITY,MT,1,CHLA,17.2,USE - no issues
7/28/2016,5847,6/25/2011,NWCA11-4294,NWCA_PROBABILITY,SD,1,CHLA,176.8,USE - no issues
7/28/2016,5848,6/28/2011,NWCA11-4298,NWCA_PROBABILITY,SD,1,CHLA,19.68,USE - no issues
7/28/2016,5849,8/31/2011,NWCA11-4411,NWCA_PROBABILITY,UT,1,CHLA,10.49,USE - no issues
7/28/2016,5850,8/1/2011,NWCA11-4414,NWCA_PROBABILITY,UT,1,CHLA,132.94,USE - no issues
7/28/2016,5851,8/24/2011,NWCA11-4419,NWCA_PROBABILITY,UT,1,CHLA,0.82,USE - no issues
7/28/2016,5853,7/18/2011,NWCA11-4577,NWCA_PROBABILITY,WV,1,CHLA,0.43,USE - no issues
7/28/2016,5854,7/20/2011,NWCA11-4581,NWCA_PROBABILITY,WV,1,CHLA,2.09,USE - no issues
7/28/2016,5855,7/10/2011,NWCA11-4706,NWCA_PROBABILITY,CA,1,CHLA,7.85,USE - no issues
7/28/2016,5856,6/8/2011,NWCA11-4708,NWCA_PROBABILITY,CA,1,CHLA,20.12,USE - no issues
7/28/2016,5857,9/13/2011,NWCA11-4709,NWCA_PROBABILITY,CA,1,CHLA,2.16,USE - flag issue minor
7/28/2016,5858,8/2/2011,NWCA11-4713,NWCA_PROBABILITY,CA,1,CHLA,7.42,USE - flag issue minor
7/28/2016,5859,7/28/2011,NWCA11-4716,NWCA_PROBABILITY,CA,1,CHLA,8,USE - flag issue minor
7/28/2016,5861,9/5/2011,NWCA11-4718,NWCA_PROBABILITY,CA,1,CHLA,1.05,USE - flag issue minor
7/28/2016,5862,7/8/2011,NWCA11-4721,NWCA_PROBABILITY,CA,1,CHLA,6.33,USE - no issues
7/28/2016,5863,9/14/2011,NWCA11-4729,NWCA_PROBABILITY,CA,1,CHLA,9.59,USE - flag issue minor
7/28/2016,5869,8/4/2011,NWCA11-MN-0002,NWCA_PROBABILITY,MN,1,CHLA,28.2,USE - no issues
7/28/2016,5873,7/27/2011,NWCA11-MN-0003,NWCA_PROBABILITY,MN,1,CHLA,2.55,USE - no issues
7/28/2016,5883,8/12/2011,NWCA11-MN-0011,NWCA_PROBABILITY,MN,1,CHLA,123.2,USE - flag issue minor
7/28/2016,5892,8/15/2011,NWCA11-MN-0019,NWCA_PROBABILITY,MN,1,CHLA,2116.8,USE - no issues
7/28/2016,5898,8/3/2011,NWCA11-MN-0025,NWCA_PROBABILITY,MN,1,CHLA,1.77,USE - no issues
7/28/2016,5902,8/2/2011,NWCA11-MN-0027,NWCA_PROBABILITY,MN,1,CHLA,15.22,USE - no issues
7/28/2016,5904,8/22/2011,NWCA11-MN-0029,NWCA_PROBABILITY,MN,1,CHLA,46.4,USE - no issues
7/28/2016,5908,8/24/2011,NWCA11-MN-0032,NWCA_PROBABILITY,MN,1,CHLA,60.8,USE - no issues
7/28/2016,5910,8/9/2011,NWCA11-MN-0007,NWCA_PROBABILITY,MN,1,CHLA,0.41,USE - no issues
7/28/2016,5911,8/4/2011,NWCA11-2686,NWCA_REVISITS,VT,2,CHLA,4.4,USE - no issues
7/28/2016,5912,6/28/2011,NWCA11-2687,NWCA_PROBABILITY,VT,1,CHLA,35.6,USE - no issues
7/28/2016,5915,8/2/2011,NWCA11-2687,NWCA_REVISITS,VT,2,CHLA,14.11,USE - no issues
7/28/2016,5916,7/12/2011,NWCA11-2688,NWCA_PROBABILITY,VT,1,CHLA,3.34,USE - no issues
7/28/2016,5920,7/5/2011,NWCA11-2693,NWCA_PROBABILITY,VT,1,CHLA,0.99,USE - no issues
7/28/2016,5921,7/14/2011,NWCA11-4486,NWCA_PROBABILITY,VT,1,CHLA,0.85,USE - no issues
7/28/2016,5923,7/28/2011,NWCA11-2698,NWCA_PROBABILITY,VT,1,CHLA,2.8,USE - no issues
7/28/2016,5924,7/19/2011,NWCA11-2694,NWCA_PROBABILITY,VT,1,CHLA,3.29,USE - no issues
7/28/2016,5925,5/11/2011,NWCA11-2071,NWCA_PROBABILITY,NC,1,CHLA,55.79,USE - no issues
7/28/2016,5927,6/23/2011,NWCA11-1314,NWCA_PROBABILITY,FL,1,CHLA,1.15,USE - no issues
