document_id,name,identifiers,location,site_type,date,nfix_method,substrate_type,sample_depth,additional_details,attribute,value,units,page_number,page_score,page_confidence
R59,"Stn B1, <20um Day",,"(58.815945, 17.63698)",estuaries,2000-08,15N2,wc,,,nfix_rate,14.8,ng-n l-1 h-1,[6],0.7487,high
R59,"Stn B1, >20um Day",,"(58.815945, 17.63698)",estuaries,2000-08,15N2,wc,,,nfix_rate,26.7,ng-n l-1 h-1,[6],0.7487,high
R59,Stn BY31 <20um Day,,"(58.365723, 17.905116)",estuaries,2000-08,15N2,wc,,,nfix_rate,1.4,ng-n l-1 h-1,[6],0.7399,high
R59,Stn BY31 >20um Day,,"(58.365723, 17.905116)",estuaries,2000-08,15N2,wc,,,nfix_rate,125.5,ng-n l-1 h-1,[6],0.7399,high
R59,"Stn B1, <20um Night",,"(58.815945, 17.63698)",estuaries,2000-08,15N2,wc,,,nfix_rate,1.2,ng-n l-1 h-1,[6],0.7375,high
R59,"Stn B1, >20um Night",,"(58.815945, 17.63698)",estuaries,2000-08,15N2,wc,,,nfix_rate,4.8,ng-n l-1 h-1,[6],0.7375,high
R59,Stn BY31 <20um Night,,"(58.365723, 17.905116)",estuaries,2000-08,15N2,wc,,,nfix_rate,4.1,ng-n l-1 h-1,[6],0.748,high
R59,Stn BY31 >20um Night,,"(58.365723, 17.905116)",estuaries,2000-08,15N2,wc,,,nfix_rate,30.0,ng-n l-1 h-1,"[6, 10]",0.7777,ambiguous
R59,"Total N2 Fix 1998, Stn BY31",,"(58.365723, 17.905116)",estuaries,1998,15N2,wc,,,nfix_rate,655.0,mg-n m-2 y-1,[10],0.7758,high
R59,"Total N2 Fix 1999, Stn BY31",,"(58.365723, 17.905116)",estuaries,1999,15N2,wc,,,nfix_rate,709.0,mg-n m-2 y-1,[10],0.7758,high
R59,"Total N2 Fix 2000, Stn BY31",,"(58.365723, 17.905116)",estuaries,2000,15N2,wc,,,nfix_rate,301.0,mg-n m-2 y-1,[10],0.7758,high
R59,"N2 fix, cells >20um 1998, Stn BY31",,"(58.365723, 17.905116)",estuaries,1998,15N2,wc,,,nfix_rate,494.0,mg-n m-2 y-1,[10],0.7818,high
R59,"N2 fix, cells >20um 1999, Stn BY31",,"(58.365723, 17.905116)",estuaries,1999,15N2,wc,,,nfix_rate,549.0,mg-n m-2 y-1,[10],0.7818,high
R59,"N2 fix, cells >20um 2000, Stn BY31",,"(58.365723, 17.905116)",estuaries,2000,15N2,wc,,,nfix_rate,227.0,mg-n m-2 y-1,[10],0.7818,high
R59,"Total N2 Fix 1998, Stn X1",,"(58.844572, 17.669744)",estuaries,1998,15N2,wc,,,nfix_rate,242.0,mg-n m-2 y-1,[10],0.7787,high
R59,"Total N2 Fix 1999, Stn X1",,"(58.844572, 17.669744)",estuaries,1999,15N2,wc,,,nfix_rate,422.0,mg-n m-2 y-1,[10],0.7787,high
R59,"Total N2 Fix 2000, Stn X1",,"(58.844572, 17.669744)",estuaries,2000,15N2,wc,,,nfix_rate,970.0,mg-n m-2 y-1,[10],0.7787,high
R59,"N2 fix, cells >20um 1998, Stn X1",,"(58.844572, 17.669744)",estuaries,1998,15N2,wc,,,nfix_rate,212.0,mg-n m-2 y-1,[10],0.7905,high
R59,"N2 fix, cells >20um 1999, Stn X1",,"(58.844572, 17.669744)",estuaries,1999,15N2,wc,,,nfix_rate,283.0,mg-n m-2 y-1,[10],0.7905,high
R59,"N2 fix, cells >20um 2000, Stn X1",,"(58.844572, 17.669744)",estuaries,2000,15N2,wc,,,nfix_rate,821.0,mg-n m-2 y-1,[10],0.7905,high
R59,"Total N2 Fix 1998, Stn H4",,"(58.991685, 17.731885)",estuaries,1998,15N2,wc,,,nfix_rate,259.0,mg-n m-2 y-1,[10],0.7773,high
R59,"Total N2 Fix 1999, Stn H4",,"(58.991685, 17.731885)",estuaries,1999,15N2,wc,,,nfix_rate,121.0,mg-n m-2 y-1,[10],0.7773,high
R59,"Total N2 Fix 2000, Stn H4",,"(58.991685, 17.731885)",estuaries,2000,15N2,wc,,,nfix_rate,821.0,mg-n m-2 y-1,[10],0.7773,high
R59,"N2 fix, cells >20um 1998, Stn H4",,"(58.991685, 17.731885)",estuaries,1998,15N2,wc,,,nfix_rate,213.0,mg-n m-2 y-1,[10],0.7891,high
R59,"N2 fix, cells >20um 1999, Stn H4",,"(58.991685, 17.731885)",estuaries,1999,15N2,wc,,,nfix_rate,78.0,mg-n m-2 y-1,[10],0.7891,high
R59,"N2 fix, cells >20um 2000, Stn H4",,"(58.991685, 17.731885)",estuaries,2000,15N2,wc,,,nfix_rate,598.0,mg-n m-2 y-1,[10],0.7891,high
R103,"Lake Malawi, Africa, site LI-Makalawe",,"(-12.0, 34.5)",lakes,1988-05,ARA,benthos,5.0,,nfix_rate,642.0,ug-n2 m-2 h-1,[2],0.794,high
R103,"Lake Malawi, Africa, site LI-Makalawe",,"(-12.0, 34.5)",lakes,1988-05,ARA,benthos,10.0,,nfix_rate,743.0,ug-n2 m-2 h-1,[2],0.794,high
R103,"Lake Malawi, Africa, site LI-Membe",,"(-12.0, 34.5)",lakes,1988-05,ARA,benthos,2.0,,nfix_rate,1276.0,ug-n2 m-2 h-1,"[2, 4]",0.7033,ambiguous
R103,"Lake Malawi, Africa, site LI-Membe",,"(-12.0, 34.5)",lakes,1988-05,ARA,benthos,5.0,,nfix_rate,590.0,ug-n2 m-2 h-1,[2],0.8147,high
R103,"Lake Malawi, Africa, site LI-Membe",,"(-12.0, 34.5)",lakes,1988-05,ARA,benthos,10.0,,nfix_rate,445.0,ug-n2 m-2 h-1,[2],0.8147,high
R103,"Lake Malawi, Africa, site Maleri N",,"(-12.0, 34.5)",lakes,1997-05,ARA,benthos,2.0,,nfix_rate,1190.0,ug-n2 m-2 h-1,"[2, 4]",0.718,ambiguous
R103,"Lake Malawi, Africa, site Maleri N",,"(-12.0, 34.5)",lakes,1997-05,ARA,benthos,5.0,,nfix_rate,1068.0,ug-n2 m-2 h-1,"[2, 4]",0.7517,ambiguous
R103,"Lake Malawi, Africa, site Maleri N",,"(-12.0, 34.5)",lakes,1997-05,ARA,benthos,10.0,,nfix_rate,443.0,ug-n2 m-2 h-1,[2],0.8093,high
R103,"Lake Malawi, Africa, site Maleri S",,"(-12.0, 34.5)",lakes,1997-05,ARA,benthos,2.0,,nfix_rate,1310.0,ug-n2 m-2 h-1,"[2, 4]",0.6935,ambiguous
R103,"Lake Malawi, Africa, site Maleri S",,"(-12.0, 34.5)",lakes,1997-05,ARA,benthos,5.0,,nfix_rate,782.0,ug-n2 m-2 h-1,[2],0.8093,high
R103,"Lake Malawi, Africa, site Maleri S",,"(-12.0, 34.5)",lakes,1997-05,ARA,benthos,10.0,,nfix_rate,108.0,ug-n2 m-2 h-1,[2],0.8093,high
R103,"Lake Malawi, Africa, site Thumbi West",,"(-12.0, 34.5)",lakes,1998-05,ARA,benthos,2.0,,nfix_rate,2585.0,ug-n2 m-2 h-1,"[2, 4]",0.7247,ambiguous
R103,"Lake Malawi, Africa, site Thumbi West",,"(-12.0, 34.5)",lakes,1998-05,ARA,benthos,5.0,,nfix_rate,1029.0,ug-n2 m-2 h-1,"[2, 4]",0.7566,ambiguous
R103,"Lake Malawi, Africa, site Thumbi West",,"(-12.0, 34.5)",lakes,1998-05,ARA,benthos,10.0,,nfix_rate,387.0,ug-n2 m-2 h-1,[2],0.8087,high
R103,"Lake Malawi, Africa, site Thumbi West",,"(-12.0, 34.5)",lakes,1998-05,ARA,benthos,16.0,,nfix_rate,327.0,ug-n2 m-2 h-1,[2],0.8087,high
R103,"Lake Malawi, Africa, site Maleri S",,"(-12.0, 34.5)",lakes,1997-06-24,ARA,benthos,2.0,,nfix_rate,718.0,ug-n2 m-2 h-1,[4],0.7725,high
R103,"Lake Malawi, Africa, site Maleri S",,"(-12.0, 34.5)",lakes,1997-06-24,ARA,benthos,2.0,,nfix_rate,899.0,ug-n2 m-2 h-1,[4],0.7725,high
R103,"Lake Malawi, Africa, site Maleri S",,"(-12.0, 34.5)",lakes,1997-06-24,ARA,benthos,2.0,,nfix_rate,948.0,ug-n2 m-2 h-1,[4],0.7725,high
R103,"Lake Malawi, Africa, site Thumbi West",,"(-12.0, 34.5)",lakes,1998-09-13,ARA,benthos,1.0,,nfix_rate,383.0,ug-n2 m-2 h-1,[4],0.7687,high
R103,"Lake Malawi, Africa, site Thumbi West",,"(-12.0, 34.5)",lakes,1998-09-13,ARA,benthos,1.0,,nfix_rate,492.0,ug-n2 m-2 h-1,[4],0.7687,high
R103,"Lake Malawi, Africa, site Thumbi West",,"(-12.0, 34.5)",lakes,1998-09-13,ARA,benthos,1.0,,nfix_rate,349.0,ug-n2 m-2 h-1,[4],0.7687,high
R103,"Lake Malawi, Africa, site Thumbi West",,"(-12.0, 34.5)",lakes,1998-09-13,ARA,benthos,2.0,,nfix_rate,982.0,ug-n2 m-2 h-1,[4],0.7687,high
R103,"Lake Malawi, Africa, site Thumbi West",,"(-12.0, 34.5)",lakes,1998-09-13,ARA,benthos,2.0,,nfix_rate,721.0,ug-n2 m-2 h-1,[4],0.7687,high
R114,"channel near Solimoes A-B, Marchantaria Island",,"(-3.243347, -59.947108)",rivers,2001-04,ARA,benthos,,,nfix_rate,9.1,nmol-n2 g-1 h-1,[12],0.7407,table-anchored
R114,"Lake Camaleao B, Marchantaria Island",,"(-3.243347, -59.947108)",rivers,2001-04,ARA,benthos,,,nfix_rate,821.3,nmol-n2 g-1 h-1,[12],0.7484,table-anchored
R114,"Lake Camaleao D, Marchantaria Island",,"(-3.243347, -59.947108)",rivers,2001-04,ARA,benthos,,,nfix_rate,306.9,nmol-n2 g-1 h-1,[12],0.7484,table-anchored
R114,"Lake Camaleao E, Marchantaria Island",,"(-3.243347, -59.947108)",rivers,2001-04,ARA,benthos,,,nfix_rate,148.5,nmol-n2 g-1 h-1,[12],0.7484,table-anchored
R114,"Lake Novo center, Marchantaria Island",,"(-3.243347, -59.947108)",rivers,2001-04,ARA,benthos,,,nfix_rate,264.5,nmol-n2 g-1 h-1,[12],0.745,table-anchored
R114,"channel near Solimoes A-B, Marchantaria Island",,"(-3.243347, -59.947108)",rivers,2001-04,ARA,benthos,,,nfix_rate,1.0,nmol-n2 g-1 h-1,[12],0.7407,table-anchored
R114,"Lake Camaleao B, Marchantaria Island",,"(-3.243347, -59.947108)",rivers,2001-04,ARA,benthos,,,nfix_rate,25.1,nmol-n2 g-1 h-1,[12],0.7484,table-anchored
R114,"Lake Camaleao D, Marchantaria Island",,"(-3.243347, -59.947108)",rivers,2001-04,ARA,benthos,,,nfix_rate,14.6,nmol-n2 g-1 h-1,[12],0.7484,table-anchored
R114,"Lake Camaleao E, Marchantaria Island",,"(-3.243347, -59.947108)",rivers,2001-04,ARA,benthos,,,nfix_rate,65.5,nmol-n2 g-1 h-1,[12],0.7484,table-anchored
R114,"Lake Novo center, Marchantaria Island",,"(-3.243347, -59.947108)",rivers,2001-04,ARA,benthos,,,nfix_rate,170.3,nmol-n2 g-1 h-1,[12],0.745,table-anchored
R114,"channel near Solimoes A-B, Marchantaria Island",,"(-3.243347, -59.947108)",rivers,2001-04,ARA,benthos,,,nfix_rate,0.6,nmol-n2 g-1 h-1,[12],0.7407,table-anchored
R114,"Lake Camaleao D, Marchantaria Island",,"(-3.243347, -59.947108)",rivers,2001-04,ARA,benthos,,,nfix_rate,38.2,nmol-n2 g-1 h-1,[12],0.7484,table-anchored
R114,"Lake Camaleao E, Marchantaria Island",,"(-3.243347, -59.947108)",rivers,2001-04,ARA,benthos,,,nfix_rate,19.2,nmol-n2 g-1 h-1,[12],0.7484,table-anchored
R114,"Lake Novo center, Marchantaria Island",,"(-3.243347, -59.947108)",rivers,2001-04,ARA,benthos,,,nfix_rate,318.2,nmol-n2 g-1 h-1,[12],0.745,table-anchored
R114,"channel near Solimoes A-B, Marchantaria Island",,"(-3.243347, -59.947108)",rivers,2001-04,ARA,benthos,,,nfix_rate,0.1,nmol-n2 g-1 h-1,[12],0.7407,table-anchored
R114,"Lake Camaleao D, Marchantaria Island",,"(-3.243347, -59.947108)",rivers,2001-04,ARA,benthos,,,nfix_rate,2.7,nmol-n2 g-1 h-1,[12],0.7484,table-anchored
R114,"Lake Camaleao E, Marchantaria Island",,"(-3.243347, -59.947108)",rivers,2001-04,ARA,benthos,,,nfix_rate,2.1,nmol-n2 g-1 h-1,[12],0.7484,table-anchored
R114,"Lake Novo center, Marchantaria Island",,"(-3.243347, -59.947108)",rivers,2001-04,ARA,benthos,,,nfix_rate,20.2,nmol-n2 g-1 h-1,[12],0.745,table-anchored
R114,"channel near Solimoes A-B, Marchantaria Island",,"(-3.243347, -59.947108)",rivers,2001-04,ARA,benthos,,,nfix_rate,1.2,nmol-n2 g-1 h-1,[12],0.7407,table-anchored
R114,"Lake Camaleao D, Marchantaria Island",,"(-3.243347, -59.947108)",rivers,2001-04,ARA,benthos,,,nfix_rate,6.0,nmol-n2 g-1 h-1,[12],0.7484,table-anchored
R114,"Lake Camaleao E, Marchantaria Island",,"(-3.243347, -59.947108)",rivers,2001-04,ARA,benthos,,,nfix_rate,20.9,nmol-n2 g-1 h-1,[12],0.7484,table-anchored
R114,"Lake Novo center, Marchantaria Island",,"(-3.243347, -59.947108)",rivers,2001-04,ARA,benthos,,,nfix_rate,25.8,nmol-n2 g-1 h-1,[12],0.745,table-anchored
R114,"channel near Solimoes A-B, Marchantaria Island",,"(-3.243347, -59.947108)",rivers,2001-04,ARA,benthos,,,nfix_rate,0.0,nmol-n2 g-1 h-1,[12],0.7407,table-anchored
R114,"Lake Camaleao D, Marchantaria Island",,"(-3.243347, -59.947108)",rivers,2001-04,ARA,benthos,,,nfix_rate,3.3,nmol-n2 g-1 h-1,[12],0.7484,table-anchored
R114,"Lake Camaleao E, Marchantaria Island",,"(-3.243347, -59.947108)",rivers,2001-04,ARA,benthos,,,nfix_rate,2.1,nmol-n2 g-1 h-1,[12],0.7484,table-anchored
R114,"Lake Novo center, Marchantaria Island",,"(-3.243347, -59.947108)",rivers,2001-04,ARA,benthos,,,nfix_rate,7.3,nmol-n2 g-1 h-1,[12],0.745,table-anchored
R43,Kings Creek N4D,,"(39.08785, -96.58445)",rivers,2003,ARA,benthos,0.04,,nfix_rate,18.6,fmol-n g-1 h-1,[21],0.8351,high
R43,Kings Creek N4D,,"(39.08785, -96.58445)",rivers,2003,ARA,benthos,0.04,,nfix_rate,13.3,fmol-n g-1 h-1,[21],0.8351,high
R43,Kings Creek K2A,,"(39.100133, -96.57423333)",rivers,2004,ARA,benthos,0.04,,nfix_rate,2.9,fmol-n g-1 h-1,[21],0.837,high
R43,Kings Creek K2A,,"(39.100133, -96.57423333)",rivers,2004,ARA,benthos,0.04,,nfix_rate,3.2,fmol-n g-1 h-1,[21],0.837,high
R43,Kings Creek K2A,,"(39.100133, -96.57423333)",rivers,2004,ARA,benthos,0.04,,nfix_rate,78.1,fmol-n g-1 h-1,[21],0.837,high
R43,North Creek,,"(39.21235, -96.59306667)",rivers,2003,ARA,benthos,0.04,,nfix_rate,6.2,fmol-n g-1 h-1,[21],0.8357,high
R43,North Creek,,"(39.21235, -96.59306667)",rivers,2003,ARA,benthos,0.04,,nfix_rate,6.2,fmol-n g-1 h-1,[21],0.8357,high
R43,North Creek,,"(39.21235, -96.59306667)",rivers,2003,ARA,benthos,0.04,,nfix_rate,14.8,fmol-n g-1 h-1,[21],0.8357,high
R43,Natalie s Creek,,"(39.228717, -96.65883333)",rivers,2004,ARA,benthos,0.04,,nfix_rate,2.1,fmol-n g-1 h-1,[21],0.8213,high
R43,Natalie s Creek,,"(39.228717, -96.65883333)",rivers,2004,ARA,benthos,0.04,,nfix_rate,2.3,fmol-n g-1 h-1,[21],0.8213,high
R43,Natalie s Creek,,"(39.228717, -96.65883333)",rivers,2004,ARA,benthos,0.04,,nfix_rate,5.6,fmol-n g-1 h-1,[21],0.8213,high
R43,Big Blue River Ditch,,"(39.185583, -96.55833333)",rivers,2004,ARA,benthos,0.04,,nfix_rate,2.3,fmol-n g-1 h-1,[21],0.8334,high
R43,Big Blue River Ditch,,"(39.185583, -96.55833333)",rivers,2004,ARA,benthos,0.04,,nfix_rate,2.6,fmol-n g-1 h-1,[21],0.8334,high
R43,Big Blue River Ditch,,"(39.185583, -96.55833333)",rivers,2004,ARA,benthos,0.04,,nfix_rate,3.0,fmol-n g-1 h-1,[21],0.8334,high
R43,Campus Creek,,"(39.228717, -96.65883333)",rivers,2003,ARA,benthos,0.04,,nfix_rate,1.9,fmol-n g-1 h-1,[21],0.8334,high
R43,Campus Creek,,"(39.228717, -96.65883333)",rivers,2003,ARA,benthos,0.04,,nfix_rate,1.5,fmol-n g-1 h-1,[21],0.8334,high
R43,Campus Creek,,"(39.228717, -96.65883333)",rivers,2003,ARA,benthos,0.04,,nfix_rate,1.5,fmol-n g-1 h-1,[21],0.8334,high
R43,Natalie s Creek,,"(39.228717, -96.65883333)",rivers,2004,ARA,benthos,,,nfix_rate,112.8,fmol-n g-1 h-1,[22],0.8195,high
R43,Natalie s Creek,,"(39.228717, -96.65883333)",rivers,2004,ARA,benthos,,,nfix_rate,82.8,fmol-n g-1 h-1,[22],0.8195,high
R43,Big Blue River Ditch,,"(39.185583, -96.55833333)",rivers,2004,ARA,benthos,,,nfix_rate,93.5,fmol-n g-1 h-1,[22],0.8316,high
R43,Big Blue River Ditch,,"(39.185583, -96.55833333)",rivers,2004,ARA,benthos,,,nfix_rate,62.7,fmol-n g-1 h-1,[22],0.8316,high
R43,Big Blue River Ditch,,"(39.185583, -96.55833333)",rivers,2004,ARA,benthos,,,nfix_rate,69.7,fmol-n g-1 h-1,[22],0.8316,high
R124,Connector Marsh - sediment surface,,"(32.651482, -117.105304)",salt marshes,1988-02,ARA,benthos,0.01,,nfix_rate,14.98,nmol-c2h4 m-2 h-1,[9],0.7648,high
R124,Connector Marsh - sediment surface,,"(32.651482, -117.105304)",salt marshes,1988-04,ARA,benthos,0.01,,nfix_rate,42.62,nmol-c2h4 m-2 h-1,[9],0.7648,high
R124,Connector Marsh - sediment surface,,"(32.651482, -117.105304)",salt marshes,1988-07,ARA,benthos,0.01,,nfix_rate,45.42,nmol-c2h4 m-2 h-1,[9],0.7648,high
R124,Connector Marsh - sediment surface,,"(32.651482, -117.105304)",salt marshes,1988-09,ARA,benthos,0.01,,nfix_rate,34.68,nmol-c2h4 m-2 h-1,[9],0.7648,high
R124,Connector Marsh - sediment surface,,"(32.651482, -117.105304)",salt marshes,1989-02,ARA,benthos,0.01,,nfix_rate,24.54,nmol-c2h4 m-2 h-1,[9],0.7648,high
R124,North Bank - sediment surface,,"(32.653876, -117.10731)",salt marshes,1988-02,ARA,benthos,0.01,,nfix_rate,7.26,nmol-c2h4 m-2 h-1,[9],0.7703,high
R124,North Bank - sediment surface,,"(32.653876, -117.10731)",salt marshes,1988-04,ARA,benthos,0.01,,nfix_rate,15.56,nmol-c2h4 m-2 h-1,[9],0.7703,high
R124,North Bank - sediment surface,,"(32.653876, -117.10731)",salt marshes,1988-07,ARA,benthos,0.01,,nfix_rate,47.58,nmol-c2h4 m-2 h-1,[9],0.7703,high
R124,North Bank - sediment surface,,"(32.653876, -117.10731)",salt marshes,1988-09,ARA,benthos,0.01,,nfix_rate,46.53,nmol-c2h4 m-2 h-1,[9],0.7703,high
R124,North Bank - sediment surface,,"(32.653876, -117.10731)",salt marshes,1989-02,ARA,benthos,0.01,,nfix_rate,26.76,nmol-c2h4 m-2 h-1,[9],0.7703,high
R124,North Bank - sediment surface,,"(32.653876, -117.10731)",salt marshes,1989-03,ARA,benthos,0.01,,nfix_rate,19.53,nmol-c2h4 m-2 h-1,[9],0.7703,high
R124,Paradise Creek Marsh - sediment surface,,"(32.655999, -117.10834)",salt marshes,1988-02,ARA,benthos,0.01,,nfix_rate,33.03,nmol-c2h4 m-2 h-1,[9],0.7791,high
R124,Paradise Creek Marsh - sediment surface,,"(32.655999, -117.10834)",salt marshes,1988-04,ARA,benthos,0.01,,nfix_rate,118.93,nmol-c2h4 m-2 h-1,[9],0.7791,high
R124,Paradise Creek Marsh - sediment surface,,"(32.655999, -117.10834)",salt marshes,1988-07,ARA,benthos,0.01,,nfix_rate,70.25,nmol-c2h4 m-2 h-1,[9],0.7791,high
R124,Paradise Creek Marsh - sediment surface,,"(32.655999, -117.10834)",salt marshes,1988-09,ARA,benthos,0.01,,nfix_rate,33.99,nmol-c2h4 m-2 h-1,[9],0.7791,high
R124,Paradise Creek Marsh - sediment surface,,"(32.655999, -117.10834)",salt marshes,1989-02,ARA,benthos,0.01,,nfix_rate,61.48,nmol-c2h4 m-2 h-1,[9],0.7791,high
R124,Paradise Creek Marsh - sediment surface,,"(32.655999, -117.10834)",salt marshes,1989-03,ARA,benthos,0.01,,nfix_rate,24.67,nmol-c2h4 m-2 h-1,[9],0.7791,high
R124,Connector Marsh - rhizosphere,,"(32.651482, -117.105304)",salt marshes,1988-02,ARA,benthos,0.1,,nfix_rate,105.52,nmol-c2h4 m-2 h-1,[9],0.7654,high
R124,Connector Marsh - rhizosphere,,"(32.651482, -117.105304)",salt marshes,1988-04,ARA,benthos,0.1,,nfix_rate,96.24,nmol-c2h4 m-2 h-1,[9],0.7654,high
R124,Connector Marsh - rhizosphere,,"(32.651482, -117.105304)",salt marshes,1988-07,ARA,benthos,0.1,,nfix_rate,118.07,nmol-c2h4 m-2 h-1,[9],0.7654,high
R124,Connector Marsh - rhizosphere,,"(32.651482, -117.105304)",salt marshes,1988-09,ARA,benthos,0.1,,nfix_rate,251.73,nmol-c2h4 m-2 h-1,[9],0.7654,high
R124,North Bank - rhizosphere,,"(32.653876, -117.10731)",salt marshes,1987-12,ARA,benthos,0.1,,nfix_rate,2.96,nmol-c2h4 m-2 h-1,[9],0.7724,high
R124,North Bank - rhizosphere,,"(32.653876, -117.10731)",salt marshes,1988-02,ARA,benthos,0.1,,nfix_rate,44.33,nmol-c2h4 m-2 h-1,[9],0.7724,high
R124,North Bank - rhizosphere,,"(32.653876, -117.10731)",salt marshes,1988-04,ARA,benthos,0.1,,nfix_rate,77.03,nmol-c2h4 m-2 h-1,[9],0.7724,high
R124,North Bank - rhizosphere,,"(32.653876, -117.10731)",salt marshes,1988-07,ARA,benthos,0.1,,nfix_rate,223.76,nmol-c2h4 m-2 h-1,[9],0.7724,high
R124,North Bank - rhizosphere,,"(32.653876, -117.10731)",salt marshes,1988-09,ARA,benthos,0.1,,nfix_rate,251.76,nmol-c2h4 m-2 h-1,[9],0.7724,high
R124,Paradise Creek Marsh - rhizosphere,,"(32.655999, -117.10834)",salt marshes,1987-12,ARA,benthos,0.1,,nfix_rate,7.49,nmol-c2h4 m-2 h-1,[9],0.7815,high
R124,Paradise Creek Marsh - rhizosphere,,"(32.655999, -117.10834)",salt marshes,1988-02,ARA,benthos,0.1,,nfix_rate,104.29,nmol-c2h4 m-2 h-1,[9],0.7815,high
R124,Paradise Creek Marsh - rhizosphere,,"(32.655999, -117.10834)",salt marshes,1988-04,ARA,benthos,0.1,,nfix_rate,161.91,nmol-c2h4 m-2 h-1,[9],0.7815,high
R124,Paradise Creek Marsh - rhizosphere,,"(32.655999, -117.10834)",salt marshes,1988-07,ARA,benthos,0.1,,nfix_rate,177.42,nmol-c2h4 m-2 h-1,[9],0.7815,high
R124,Paradise Creek Marsh - rhizosphere,,"(32.655999, -117.10834)",salt marshes,1988-09,ARA,benthos,0.1,,nfix_rate,73.68,nmol-c2h4 m-2 h-1,[9],0.7815,high
R172,"Moreton bay, Australia",,"(-27.633333, 153.4166667)",seagrasses,1986-05,ARA,benthos,,,nfix_rate,26.9,umol-c2h4 m-2 h-1,[5],0.7282,high
R172,"Moreton bay, Australia",,"(-27.633333, 153.4166667)",seagrasses,1986-05,ARA,benthos,,,nfix_rate,9.0,umol-c2h4 m-2 h-1,[5],0.7282,high
R172,"Moreton bay, Australia",,"(-27.633333, 153.4166667)",seagrasses,1986-05,ARA,benthos,,,nfix_rate,6.4,umol-c2h4 m-2 h-1,[5],0.7282,high
R172,"Moreton bay, Australia",,"(-27.633333, 153.4166667)",seagrasses,1986-05,ARA,benthos,,,nfix_rate,5.0,umol-c2h4 m-2 h-1,"[5, 8]",0.7359,ambiguous
R172,"Moreton bay, Australia",,"(-27.633333, 153.4166667)",seagrasses,1986-05,ARA,benthos,,,nfix_rate,2.6,umol-c2h4 m-2 h-1,[5],0.7282,high
R172,"Moreton bay, Australia",,"(-27.633333, 153.4166667)",seagrasses,1986-05,ARA,benthos,,,nfix_rate,1.8,umol-c2h4 m-2 h-1,[5],0.7282,high
R172,"Moreton bay, Australia",,"(-27.633333, 153.4166667)",seagrasses,1986-05,ARA,benthos,,,nfix_rate,9.9,umol-c2h4 m-2 h-1,[5],0.7282,high
R172,"Moreton bay, Australia",,"(-27.633333, 153.4166667)",seagrasses,1986-05,ARA,benthos,,,nfix_rate,8.6,umol-c2h4 m-2 h-1,[5],0.7282,high
R172,"Moreton bay, Australia",,"(-27.633333, 153.4166667)",seagrasses,1986-05,ARA,benthos,,,nfix_rate,6.7,umol-c2h4 m-2 h-1,[5],0.7282,high
R172,"Moreton bay, Australia",,"(-27.633333, 153.4166667)",seagrasses,1986-05,ARA,benthos,,,nfix_rate,4.8,umol-c2h4 m-2 h-1,[5],0.7282,high
R172,"Moreton bay, Australia",,"(-27.633333, 153.4166667)",seagrasses,1986-05,ARA,benthos,,,nfix_rate,0.0,umol-c2h4 m-2 h-1,[5],0.7282,high
R172,"Moreton bay, Australia",,"(-27.633333, 153.4166667)",seagrasses,1986-05,ARA,benthos,,,nfix_rate,1.6,umol-c2h4 m-2 h-1,[5],0.7282,high
R172,"Moreton bay, Australia",,"(-27.633333, 153.4166667)",seagrasses,1986-05,ARA,benthos,,,nfix_rate,2.2,umol-c2h4 m-2 h-1,[5],0.7282,high
R172,"Moreton bay, Australia",,"(-27.633333, 153.4166667)",seagrasses,1986-05,ARA,benthos,,,nfix_rate,2.2,umol-c2h4 m-2 h-1,[5],0.7282,high
R172,"Moreton bay, Australia",,"(-27.633333, 153.4166667)",seagrasses,1986-05,ARA,benthos,,,nfix_rate,0.0,umol-c2h4 m-2 h-1,[5],0.7282,high
R172,"Moreton bay, Australia",,"(-27.633333, 153.4166667)",seagrasses,1987-02,ARA,benthos,,,nfix_rate,46.0,umol-c2h4 m-2 h-1,[5],0.7282,high
R172,"Moreton bay, Australia",,"(-27.633333, 153.4166667)",seagrasses,1987-02,ARA,benthos,,,nfix_rate,22.0,umol-c2h4 m-2 h-1,[5],0.7282,high
R172,"Moreton bay, Australia",,"(-27.633333, 153.4166667)",seagrasses,1987-02,ARA,benthos,,,nfix_rate,17.5,umol-c2h4 m-2 h-1,[5],0.7282,high
R172,"Moreton bay, Australia",,"(-27.633333, 153.4166667)",seagrasses,1987-02,ARA,benthos,,,nfix_rate,13.6,umol-c2h4 m-2 h-1,[5],0.7282,high
R172,"Moreton bay, Australia",,"(-27.633333, 153.4166667)",seagrasses,1987-02,ARA,benthos,,,nfix_rate,12.1,umol-c2h4 m-2 h-1,[5],0.7282,high
R172,"Moreton bay, Australia",,"(-27.633333, 153.4166667)",seagrasses,1987-02,ARA,benthos,,,nfix_rate,24.0,umol-c2h4 m-2 h-1,[5],0.7282,high
R172,"Moreton bay, Australia",,"(-27.633333, 153.4166667)",seagrasses,1987-02,ARA,benthos,,,nfix_rate,18.4,umol-c2h4 m-2 h-1,[5],0.7282,high
R172,"Moreton bay, Australia",,"(-27.633333, 153.4166667)",seagrasses,1987-02,ARA,benthos,,,nfix_rate,17.5,umol-c2h4 m-2 h-1,[5],0.7282,high
R172,"Moreton bay, Australia",,"(-27.633333, 153.4166667)",seagrasses,1987-02,ARA,benthos,,,nfix_rate,13.3,umol-c2h4 m-2 h-1,[5],0.7282,high
R172,"Moreton bay, Australia",,"(-27.633333, 153.4166667)",seagrasses,1987-02,ARA,benthos,,,nfix_rate,9.8,umol-c2h4 m-2 h-1,[5],0.7282,high
R172,"Moreton bay, Australia",,"(-27.633333, 153.4166667)",seagrasses,1987-02,ARA,benthos,,,nfix_rate,0.0,umol-c2h4 m-2 h-1,[5],0.7282,high
R172,"Moreton bay, Australia",,"(-27.633333, 153.4166667)",seagrasses,1987-02,ARA,benthos,,,nfix_rate,2.1,umol-c2h4 m-2 h-1,[5],0.7282,high
R172,"Moreton bay, Australia",,"(-27.633333, 153.4166667)",seagrasses,1987-02,ARA,benthos,,,nfix_rate,2.9,umol-c2h4 m-2 h-1,[5],0.7282,high
R172,"Moreton bay, Australia",,"(-27.633333, 153.4166667)",seagrasses,1987-02,ARA,benthos,,,nfix_rate,4.9,umol-c2h4 m-2 h-1,[5],0.7282,high
R172,"Moreton bay, Australia",,"(-27.633333, 153.4166667)",seagrasses,1987-02,ARA,benthos,,,nfix_rate,4.0,umol-c2h4 m-2 h-1,"[5, 8]",0.7294,ambiguous
R172,"Moreton bay, Australia",,"(-27.633333, 153.4166667)",seagrasses,1986-12,ARA,benthos,,,nfix_rate,33.0,umol-c2h4 m-2 h-1,[5],0.7282,high
R172,"Moreton bay, Australia",,"(-27.633333, 153.4166667)",seagrasses,1986-12,ARA,benthos,,,nfix_rate,31.0,umol-c2h4 m-2 h-1,[5],0.7282,high
R172,"Moreton bay, Australia",,"(-27.633333, 153.4166667)",seagrasses,1986-12,ARA,benthos,,,nfix_rate,14.0,umol-c2h4 m-2 h-1,[5],0.7282,high
R172,"Moreton bay, Australia",,"(-27.633333, 153.4166667)",seagrasses,1986-12,ARA,benthos,,,nfix_rate,5.1,umol-c2h4 m-2 h-1,[5],0.7282,high
R172,"Moreton bay, Australia",,"(-27.633333, 153.4166667)",seagrasses,1986-12,ARA,benthos,,,nfix_rate,1.4,umol-c2h4 m-2 h-1,[5],0.7282,high
R172,"Moreton bay, Australia",,"(-27.633333, 153.4166667)",seagrasses,1986-12,ARA,benthos,,,nfix_rate,0.3,umol-c2h4 m-2 h-1,[5],0.7282,high
R172,"Moreton bay, Australia",,"(-27.633333, 153.4166667)",seagrasses,1986,15N2,benthos,,,nfix_rate,35.0,umol-n m-2 h-1,[8],0.7688,high
R172,"Moreton bay, Australia",,"(-27.633333, 153.4166667)",seagrasses,1986,15N2,benthos,,,nfix_rate,6.0,umol-n m-2 h-1,"[5, 8]",0.7688,ambiguous
R172,"Moreton bay, Australia",,"(-27.633333, 153.4166667)",seagrasses,1986,15N2,benthos,,,nfix_rate,0.9,umol-n m-2 h-1,"[5, 8]",0.7688,ambiguous
R172,"Moreton bay, Australia",,"(-27.633333, 153.4166667)",seagrasses,1986,15N2,benthos,,,nfix_rate,8.7,umol-n m-2 h-1,[8],0.7688,high
R43,Kings Creek N4D,,"(39.08785, -96.58445)",rivers,2003,ARA,other,,,nfix_rate,81.9,fmol-n g-1 h-1,[22],0.8351,high
R43,Kings Creek N4D,,"(39.08785, -96.58445)",rivers,2003,ARA,other,,,nfix_rate,63.3,fmol-n g-1 h-1,[22],0.8351,high
R43,Kings Creek K2A,,"(39.100133, -96.57423333)",rivers,2004,ARA,other,,,nfix_rate,9.2,fmol-n g-1 h-1,[22],0.8352,high
R172,"Moreton bay, Australia",,"(-27.633333, 153.4166667)",seagrasses,1986,15N2,other,,,nfix_rate,61.0,umol-n m-2 h-1,[8],0.7688,high
R172,"Moreton bay, Australia",,"(-27.633333, 153.4166667)",seagrasses,1986,15N2,other,,,nfix_rate,8.5,umol-n m-2 h-1,[8],0.7688,high
R248,Fern Lake Bog,,"(40.682785, -82.067557)",freshwater wetlands,,ARA,benthos,,,nfix_rate,59.0,nmol-c2h4 g-1 d-1,[3],0.8126,table-anchored
R248,Fern Lake Bog,,"(40.682785, -82.067557)",freshwater wetlands,,ARA,benthos,,,nfix_rate,57.4,nmol-c2h4 g-1 d-1,[3],0.8126,table-anchored
R248,Fern Lake Bog,,"(40.682785, -82.067557)",freshwater wetlands,,ARA,benthos,,,nfix_rate,318.5,nmol-c2h4 g-1 d-1,[3],0.8126,table-anchored
R248,Fern Lake Bog,,"(40.682785, -82.067557)",freshwater wetlands,,ARA,benthos,,,nfix_rate,80.8,nmol-c2h4 g-1 d-1,[3],0.8126,table-anchored
R248,J. Arthur Herrick Fen,,"(41.213913, -81.370971)",freshwater wetlands,,ARA,benthos,,,nfix_rate,32.0,nmol-c2h4 g-1 d-1,[3],0.8126,table-anchored
R248,J. Arthur Herrick Fen,,"(41.213913, -81.370971)",freshwater wetlands,,ARA,benthos,,,nfix_rate,117.7,nmol-c2h4 g-1 d-1,[3],0.8126,table-anchored
R248,J. Arthur Herrick Fen,,"(41.213913, -81.370971)",freshwater wetlands,,ARA,benthos,,,nfix_rate,100.4,nmol-c2h4 g-1 d-1,[3],0.8126,table-anchored
R248,Kent Bog,,"(41.126565, -81.354814)",freshwater wetlands,,ARA,benthos,,,nfix_rate,26.7,nmol-c2h4 g-1 d-1,[3],0.8126,table-anchored
R248,Kent Bog,,"(41.126565, -81.354814)",freshwater wetlands,,ARA,benthos,,,nfix_rate,11.4,nmol-c2h4 g-1 d-1,[3],0.8126,table-anchored
R248,Triangle Lake Bog,,"(41.120772, -81.262271)",freshwater wetlands,,ARA,benthos,,,nfix_rate,91.8,nmol-c2h4 g-1 d-1,[3],0.8146,table-anchored
R248,Triangle Lake Bog,,"(41.120772, -81.262271)",freshwater wetlands,,ARA,benthos,,,nfix_rate,112.1,nmol-c2h4 g-1 d-1,[3],0.8146,table-anchored
R248,Triangle Lake Bog,,"(41.120772, -81.262271)",freshwater wetlands,,ARA,benthos,,,nfix_rate,122.3,nmol-c2h4 g-1 d-1,[3],0.8146,table-anchored
R248,Triangle Lake Bog,,"(41.120772, -81.262271)",freshwater wetlands,,ARA,benthos,,,nfix_rate,10.6,nmol-c2h4 g-1 d-1,[3],0.8146,table-anchored
R248,Triangle Lake Bog,,"(41.120772, -81.262271)",freshwater wetlands,,ARA,benthos,,,nfix_rate,263.3,nmol-c2h4 g-1 d-1,[3],0.8146,table-anchored
R248,Triangle Lake Bog,,"(41.120772, -81.262271)",freshwater wetlands,,ARA,benthos,,,nfix_rate,12.0,nmol-c2h4 g-1 d-1,[3],0.8146,table-anchored
R248,Triangle Lake Bog,,"(41.120772, -81.262271)",freshwater wetlands,,ARA,benthos,,,nfix_rate,35.4,nmol-c2h4 g-1 d-1,[3],0.8146,table-anchored
R248,Fern Lake Bog,,"(40.682785, -82.067557)",freshwater wetlands,,ARA,benthos,,,nfix_rate,205.5,nmol-c2h4 m-2 d-1,[3],0.8126,table-anchored
R248,Fern Lake Bog,,"(40.682785, -82.067557)",freshwater wetlands,,ARA,benthos,,,nfix_rate,98.9,nmol-c2h4 m-2 d-1,[3],0.8126,table-anchored
R248,Fern Lake Bog,,"(40.682785, -82.067557)",freshwater wetlands,,ARA,benthos,,,nfix_rate,30.7,nmol-c2h4 m-2 d-1,[3],0.8126,table-anchored
R248,Fern Lake Bog,,"(40.682785, -82.067557)",freshwater wetlands,,ARA,benthos,,,nfix_rate,130.9,nmol-c2h4 m-2 d-1,[3],0.8126,table-anchored
R248,J. Arthur Herrick Fen,,"(41.213913, -81.370971)",freshwater wetlands,,ARA,benthos,,,nfix_rate,571.8,nmol-c2h4 m-2 d-1,[3],0.8126,table-anchored
R248,J. Arthur Herrick Fen,,"(41.213913, -81.370971)",freshwater wetlands,,ARA,benthos,,,nfix_rate,798.1,nmol-c2h4 m-2 d-1,[3],0.8126,table-anchored
R248,J. Arthur Herrick Fen,,"(41.213913, -81.370971)",freshwater wetlands,,ARA,benthos,,,nfix_rate,1000.8,nmol-c2h4 m-2 d-1,[3],0.8126,table-anchored
R248,Kent Bog,,"(41.126565, -81.354814)",freshwater wetlands,,ARA,benthos,,,nfix_rate,37.1,nmol-c2h4 m-2 d-1,[3],0.8126,table-anchored
R248,Kent Bog,,"(41.126565, -81.354814)",freshwater wetlands,,ARA,benthos,,,nfix_rate,54.7,nmol-c2h4 m-2 d-1,[3],0.8126,table-anchored
R248,Triangle Lake Bog,,"(41.120772, -81.262271)",freshwater wetlands,,ARA,benthos,,,nfix_rate,286.0,nmol-c2h4 m-2 d-1,[3],0.8146,table-anchored
R248,Triangle Lake Bog,,"(41.120772, -81.262271)",freshwater wetlands,,ARA,benthos,,,nfix_rate,490.0,nmol-c2h4 m-2 d-1,[3],0.8146,table-anchored
R248,Triangle Lake Bog,,"(41.120772, -81.262271)",freshwater wetlands,,ARA,benthos,,,nfix_rate,433.5,nmol-c2h4 m-2 d-1,[3],0.8146,table-anchored
R248,Triangle Lake Bog,,"(41.120772, -81.262271)",freshwater wetlands,,ARA,benthos,,,nfix_rate,35.5,nmol-c2h4 m-2 d-1,[3],0.8146,table-anchored
R248,Triangle Lake Bog,,"(41.120772, -81.262271)",freshwater wetlands,,ARA,benthos,,,nfix_rate,392.7,nmol-c2h4 m-2 d-1,[3],0.8146,table-anchored
R248,Triangle Lake Bog,,"(41.120772, -81.262271)",freshwater wetlands,,ARA,benthos,,,nfix_rate,58.8,nmol-c2h4 m-2 d-1,[3],0.8146,table-anchored
R248,Triangle Lake Bog,,"(41.120772, -81.262271)",freshwater wetlands,,ARA,benthos,,,nfix_rate,126.3,nmol-c2h4 m-2 d-1,[3],0.8146,table-anchored
R163,east coast USA,,"(37.695, -75.298)",continental shelves,2006-07-01,15N2,wc,,,nfix_rate,3.7,nmol-n l-1 d-1,"[3, 8]",0.7961,ambiguous
R163,east coast USA,,"(37.631, -75.152)",continental shelves,2006-07-01,15N2,wc,,,nfix_rate,2.0,nmol-n l-1 d-1,"[3, 5, 6, 7, 8, 9, 12, 14, 15]",0.7961,ambiguous
R163,east coast USA,,"(37.519, -75.05)",continental shelves,2006-07-01,15N2,wc,,,nfix_rate,12.9,nmol-n l-1 d-1,[3],0.7946,high
R163,east coast USA,,"(36.686, -74.683)",continental shelves,2006-07-01,15N2,wc,,,nfix_rate,19.3,nmol-n l-1 d-1,"[3, 7]",0.7961,ambiguous
R163,east coast USA,,"(36.627, -74.863)",continental shelves,2006-07-01,15N2,wc,,,nfix_rate,10.8,nmol-n l-1 d-1,[3],0.7961,high
R163,east coast USA,,"(36.601, -75.058)",continental shelves,2006-07-01,15N2,wc,,,nfix_rate,11.7,nmol-n l-1 d-1,[3],0.7961,high
R163,east coast USA,,"(36.532, -75.273)",continental shelves,2006-07-01,15N2,wc,,,nfix_rate,17.3,nmol-n l-1 d-1,"[3, 6, 7, 8, 9]",0.7961,ambiguous
R163,east coast USA,,"(36.972, -76.019)",continental shelves,2006-07-01,15N2,wc,,,nfix_rate,22.5,nmol-n l-1 d-1,"[3, 9]",0.7961,ambiguous
R163,east coast USA,,"(36.9, -75.908)",continental shelves,2006-07-01,15N2,wc,,,nfix_rate,24.5,nmol-n l-1 d-1,[3],0.7989,high
R163,east coast USA,,"(36.803, -75.857)",continental shelves,2006-07-01,15N2,wc,,,nfix_rate,30.9,nmol-n l-1 d-1,"[3, 5, 6, 8]",0.7961,ambiguous
R163,east coast USA,,"(36.671, -75.766)",continental shelves,2006-07-01,15N2,wc,,,nfix_rate,35.1,nmol-n l-1 d-1,[3],0.7961,high
R163,east coast USA,,"(36.885, -75.719)",continental shelves,2006-07-01,15N2,wc,,,nfix_rate,39.0,nmol-n l-1 d-1,"[3, 12]",0.7961,ambiguous
R163,east coast USA,,"(38.042, -74.299)",continental shelves,2006-07-01,15N2,wc,,,nfix_rate,23.3,nmol-n l-1 d-1,[3],0.7961,high
R163,east coast USA,,"(38.122, -74.384)",continental shelves,2006-07-01,15N2,wc,,,nfix_rate,3.8,nmol-n l-1 d-1,"[3, 5, 7]",0.7961,ambiguous
R163,east coast USA,,"(37.695, -75.298)",continental shelves,2006-07-01,15N2,wc,,,nfix_rate,4.1,nmol-n l-1 d-1,"[5, 6, 8, 9]",0.7664,ambiguous
R163,east coast USA,,"(37.631, -75.152)",continental shelves,2006-07-01,15N2,wc,,,nfix_rate,2.1,nmol-n l-1 d-1,"[3, 5, 9]",0.7961,ambiguous
R163,east coast USA,,"(37.519, -75.05)",continental shelves,2006-07-01,15N2,wc,,,nfix_rate,1.4,nmol-n l-1 d-1,"[5, 6, 8, 9]",0.7674,ambiguous
R163,east coast USA,,"(36.686, -74.683)",continental shelves,2006-07-01,15N2,wc,,,nfix_rate,1.0,nmol-n l-1 d-1,"[3, 5, 6, 7, 8, 9, 12]",0.7961,ambiguous
R163,east coast USA,,"(36.627, -74.863)",continental shelves,2006-07-01,15N2,wc,,,nfix_rate,1.7,nmol-n l-1 d-1,"[5, 7]",0.7798,ambiguous
R163,east coast USA,,"(36.601, -75.058)",continental shelves,2006-07-01,15N2,wc,,,nfix_rate,4.2,nmol-n l-1 d-1,[5],0.756,high
R163,east coast USA,,"(36.532, -75.273)",continental shelves,2006-07-01,15N2,wc,,,nfix_rate,3.2,nmol-n l-1 d-1,"[5, 9, 14]",0.7655,ambiguous
R163,east coast USA,,"(36.972, -76.019)",continental shelves,2006-07-01,15N2,wc,,,nfix_rate,5.0,nmol-n l-1 d-1,"[3, 5, 6, 7, 8, 9, 12, 14]",0.7961,ambiguous
R163,east coast USA,,"(36.9, -75.908)",continental shelves,2006-07-01,15N2,wc,,,nfix_rate,4.3,nmol-n l-1 d-1,"[5, 6, 8]",0.7685,ambiguous
R163,east coast USA,,"(36.803, -75.857)",continental shelves,2006-07-01,15N2,wc,,,nfix_rate,3.5,nmol-n l-1 d-1,[5],0.756,high
R163,east coast USA,,"(36.671, -75.766)",continental shelves,2006-07-01,15N2,wc,,,nfix_rate,2.2,nmol-n l-1 d-1,"[5, 8]",0.756,ambiguous
R163,east coast USA,,"(36.885, -75.719)",continental shelves,2006-07-01,15N2,wc,,,nfix_rate,8.8,nmol-n l-1 d-1,"[5, 8]",0.756,ambiguous
R163,east coast USA,,"(38.042, -74.299)",continental shelves,2006-07-01,15N2,wc,,,nfix_rate,2.6,nmol-n l-1 d-1,"[5, 6, 8, 9]",0.7664,ambiguous
R163,east coast USA,,"(38.122, -74.384)",continental shelves,2006-07-01,15N2,wc,,,nfix_rate,3.8,nmol-n l-1 d-1,"[3, 5, 7]",0.7961,ambiguous
R163,east coast USA,,"(38.933, -74.933)",continental shelves,2006-10-01,15N2,wc,,,nfix_rate,5.6,nmol-n l-1 d-1,"[6, 7, 8, 9, 15]",0.7911,ambiguous
R163,east coast USA,,"(36.9, -75.7)",continental shelves,2006-10-01,15N2,wc,,,nfix_rate,2.7,nmol-n l-1 d-1,"[7, 8, 9]",0.7848,ambiguous
R163,east coast USA,,"(36.967, -76.017)",continental shelves,2006-10-01,15N2,wc,,,nfix_rate,8.6,nmol-n l-1 d-1,"[6, 8]",0.769,ambiguous
R163,east coast USA,,"(36.884, -75.9)",continental shelves,2006-10-01,15N2,wc,,,nfix_rate,15.7,nmol-n l-1 d-1,[6],0.7715,high
R163,east coast USA,,"(36.8, -75.85)",continental shelves,2006-10-01,15N2,wc,,,nfix_rate,17.3,nmol-n l-1 d-1,"[3, 6, 7, 8, 9]",0.7974,ambiguous
R163,east coast USA,,"(36.667, -75.75)",continental shelves,2006-10-01,15N2,wc,,,nfix_rate,20.3,nmol-n l-1 d-1,"[6, 9]",0.7702,ambiguous
R163,east coast USA,,"(36.417, -75.7)",continental shelves,2006-10-01,15N2,wc,,,nfix_rate,6.5,nmol-n l-1 d-1,[6],0.7715,high
R163,east coast USA,,"(36.417, -75.7)",continental shelves,2006-10-01,15N2,wc,,,nfix_rate,4.0,nmol-n l-1 d-1,"[3, 5, 6, 7, 8, 12, 14]",0.7929,ambiguous
R163,east coast USA,,"(36.434, -75.517)",continental shelves,2006-10-01,15N2,wc,,,nfix_rate,7.2,nmol-n l-1 d-1,"[3, 6]",0.7934,ambiguous
R163,east coast USA,,"(36.45, -75.25)",continental shelves,2006-10-01,15N2,wc,,,nfix_rate,2.0,nmol-n l-1 d-1,"[3, 5, 6, 7, 8, 9, 12, 14, 15]",0.7933,ambiguous
R163,east coast USA,,"(36.467, -75.05)",continental shelves,2006-10-01,15N2,wc,,,nfix_rate,2.3,nmol-n l-1 d-1,"[3, 6, 7, 8, 9]",0.7946,ambiguous
R163,east coast USA,,"(36.483, -74.833)",continental shelves,2006-10-01,15N2,wc,,,nfix_rate,1.4,nmol-n l-1 d-1,"[5, 6, 8, 9]",0.769,ambiguous
R163,east coast USA,,"(36.484, -74.667)",continental shelves,2006-10-01,15N2,wc,,,nfix_rate,1.3,nmol-n l-1 d-1,"[5, 6, 8, 9]",0.769,ambiguous
R163,east coast USA,,"(37.417, -74.4)",continental shelves,2006-10-01,15N2,wc,,,nfix_rate,4.1,nmol-n l-1 d-1,"[5, 6, 8, 9]",0.7715,ambiguous
R163,east coast USA,,"(37.517, -74.567)",continental shelves,2006-10-01,15N2,wc,,,nfix_rate,4.5,nmol-n l-1 d-1,"[6, 8, 9, 14]",0.769,ambiguous
R163,east coast USA,,"(37.7, -75.034)",continental shelves,2006-10-01,15N2,wc,,,nfix_rate,4.1,nmol-n l-1 d-1,"[5, 6, 8, 9]",0.7715,ambiguous
R163,east coast USA,,"(38.933, -74.933)",continental shelves,2006-10-01,15N2,wc,,,nfix_rate,11.3,nmol-n l-1 d-1,"[7, 8, 9]",0.7825,ambiguous
R163,east coast USA,,"(36.9, -75.7)",continental shelves,2006-10-01,15N2,wc,,,nfix_rate,4.9,nmol-n l-1 d-1,[7],0.7848,high
R163,east coast USA,,"(36.967, -76.017)",continental shelves,2006-10-01,15N2,wc,,,nfix_rate,4.4,nmol-n l-1 d-1,"[7, 8, 9]",0.7825,ambiguous
R163,east coast USA,,"(36.884, -75.9)",continental shelves,2006-10-01,15N2,wc,,,nfix_rate,13.9,nmol-n l-1 d-1,"[7, 9]",0.785,ambiguous
R163,east coast USA,,"(36.8, -75.85)",continental shelves,2006-10-01,15N2,wc,,,nfix_rate,6.0,nmol-n l-1 d-1,"[6, 7]",0.7833,ambiguous
R163,east coast USA,,"(36.667, -75.75)",continental shelves,2006-10-01,15N2,wc,,,nfix_rate,10.9,nmol-n l-1 d-1,"[7, 9]",0.7837,ambiguous
R163,east coast USA,,"(36.417, -75.7)",continental shelves,2006-10-01,15N2,wc,,,nfix_rate,5.6,nmol-n l-1 d-1,"[6, 7, 8, 9, 15]",0.7933,ambiguous
R163,east coast USA,,"(36.417, -75.7)",continental shelves,2006-10-01,15N2,wc,,,nfix_rate,1.5,nmol-n l-1 d-1,"[7, 8, 9]",0.785,ambiguous
R163,east coast USA,,"(36.434, -75.517)",continental shelves,2006-10-01,15N2,wc,,,nfix_rate,7.1,nmol-n l-1 d-1,"[3, 7, 9]",0.7934,ambiguous
R163,east coast USA,,"(36.45, -75.25)",continental shelves,2006-10-01,15N2,wc,,,nfix_rate,1.9,nmol-n l-1 d-1,"[3, 7, 8, 9]",0.7929,ambiguous
R163,east coast USA,,"(36.467, -75.05)",continental shelves,2006-10-01,15N2,wc,,,nfix_rate,1.0,nmol-n l-1 d-1,"[3, 5, 6, 7, 8, 9, 12]",0.7946,ambiguous
R163,east coast USA,,"(36.483, -74.833)",continental shelves,2006-10-01,15N2,wc,,,nfix_rate,0.7,nmol-n l-1 d-1,"[7, 8, 9]",0.7825,ambiguous
R163,east coast USA,,"(36.484, -74.667)",continental shelves,2006-10-01,15N2,wc,,,nfix_rate,0.2,nmol-n l-1 d-1,"[3, 5, 6, 7, 8, 9]",0.7907,ambiguous
R163,east coast USA,,"(37.417, -74.4)",continental shelves,2006-10-01,15N2,wc,,,nfix_rate,0.9,nmol-n l-1 d-1,"[3, 5, 7, 8, 9]",0.7929,ambiguous
R163,east coast USA,,"(37.517, -74.567)",continental shelves,2006-10-01,15N2,wc,,,nfix_rate,2.7,nmol-n l-1 d-1,"[7, 8, 9]",0.7825,ambiguous
R163,east coast USA,,"(37.7, -75.034)",continental shelves,2006-10-01,15N2,wc,,,nfix_rate,1.8,nmol-n l-1 d-1,"[7, 8, 9]",0.785,ambiguous
R163,east coast USA,,"(41.314, -70.944)",continental shelves,2009-08-01,15N2,wc,,,nfix_rate,1.1,nmol-n l-1 d-1,"[6, 8, 9]",0.7736,ambiguous
R163,east coast USA,,"(41.304, -71.811)",continental shelves,2009-08-01,15N2,wc,,,nfix_rate,9.2,nmol-n l-1 d-1,[8],0.756,high
R163,east coast USA,,"(40.059, -72.837)",continental shelves,2009-08-01,15N2,wc,,,nfix_rate,2.2,nmol-n l-1 d-1,"[5, 8]",0.7579,ambiguous
R163,east coast USA,,"(39.098, -73.344)",continental shelves,2009-08-01,15N2,wc,,,nfix_rate,21.9,nmol-n l-1 d-1,"[5, 8]",0.756,ambiguous
R163,east coast USA,,"(38.464, -73.3)",continental shelves,2009-08-01,15N2,wc,,,nfix_rate,11.9,nmol-n l-1 d-1,[8],0.7585,high
R163,east coast USA,,"(37.855, -74.642)",continental shelves,2009-08-01,15N2,wc,,,nfix_rate,8.6,nmol-n l-1 d-1,"[6, 8]",0.7709,ambiguous
R163,east coast USA,,"(36.946, -75.18)",continental shelves,2009-08-01,15N2,wc,,,nfix_rate,1.2,nmol-n l-1 d-1,"[6, 7, 8, 9, 14]",0.7808,ambiguous
R163,east coast USA,,"(35.745, -75.395)",continental shelves,2009-08-01,15N2,wc,,,nfix_rate,5.3,nmol-n l-1 d-1,[8],0.756,high
R163,east coast USA,,"(36.554, -75.706)",continental shelves,2009-08-01,15N2,wc,,,nfix_rate,25.7,nmol-n l-1 d-1,"[3, 8, 9]",0.7889,ambiguous
R163,east coast USA,,"(37.428, -75.477)",continental shelves,2009-08-01,15N2,wc,,,nfix_rate,49.8,nmol-n l-1 d-1,[8],0.756,high
R163,east coast USA,,"(39.007, -74.515)",continental shelves,2009-08-01,15N2,wc,,,nfix_rate,2.3,nmol-n l-1 d-1,"[3, 6, 7, 8, 9]",0.7889,ambiguous
R163,east coast USA,,"(39.232, -74.512)",continental shelves,2009-08-01,15N2,wc,,,nfix_rate,2.6,nmol-n l-1 d-1,"[5, 6, 8, 9]",0.7736,ambiguous
R163,east coast USA,,"(39.516, -73.88)",continental shelves,2009-08-01,15N2,wc,,,nfix_rate,3.0,nmol-n l-1 d-1,"[3, 5, 6, 7, 8, 12, 14]",0.7872,ambiguous
R163,east coast USA,,"(40.063, -73.388)",continental shelves,2009-08-01,15N2,wc,,,nfix_rate,1.8,nmol-n l-1 d-1,"[7, 8, 9]",0.7825,ambiguous
R163,east coast USA,,"(40.33, -71.74)",continental shelves,2009-08-01,15N2,wc,,,nfix_rate,9.1,nmol-n l-1 d-1,"[5, 8, 9]",0.7634,ambiguous
R163,east coast USA,,"(40.164, -69.991)",continental shelves,2009-08-01,15N2,wc,,,nfix_rate,4.5,nmol-n l-1 d-1,"[6, 8, 9, 14]",0.7736,ambiguous
R163,east coast USA,,"(40.641, -69.912)",continental shelves,2009-08-01,15N2,wc,,,nfix_rate,28.6,nmol-n l-1 d-1,"[8, 9]",0.7609,ambiguous
R163,east coast USA,,"(41.16, -69.324)",continental shelves,2009-08-01,15N2,wc,,,nfix_rate,5.6,nmol-n l-1 d-1,"[6, 7, 8, 9, 15]",0.7848,ambiguous
R163,east coast USA,,"(40.607, -68.529)",continental shelves,2009-08-01,15N2,wc,,,nfix_rate,3.7,nmol-n l-1 d-1,"[3, 8]",0.7889,ambiguous
R163,east coast USA,,"(41.404, -68.214)",continental shelves,2009-08-01,15N2,wc,,,nfix_rate,7.0,nmol-n l-1 d-1,"[6, 7, 8, 15]",0.7839,ambiguous
R163,east coast USA,,"(41.268, -67.822)",continental shelves,2009-08-01,15N2,wc,,,nfix_rate,10.6,nmol-n l-1 d-1,[8],0.756,high
R163,east coast USA,,"(40.984, -67.203)",continental shelves,2009-08-01,15N2,wc,,,nfix_rate,4.1,nmol-n l-1 d-1,"[5, 6, 8, 9]",0.7736,ambiguous
R163,east coast USA,,"(41.572, -66.955)",continental shelves,2009-08-01,15N2,wc,,,nfix_rate,2.5,nmol-n l-1 d-1,"[5, 8]",0.7606,ambiguous
R163,east coast USA,,"(41.687, -66.442)",continental shelves,2009-08-01,15N2,wc,,,nfix_rate,4.3,nmol-n l-1 d-1,"[5, 6, 8]",0.7709,ambiguous
R163,east coast USA,,"(42.057, -65.736)",continental shelves,2009-08-01,15N2,wc,,,nfix_rate,3.1,nmol-n l-1 d-1,"[8, 14]",0.756,ambiguous
R163,east coast USA,,"(42.478, -66.652)",continental shelves,2009-08-01,15N2,wc,,,nfix_rate,1.9,nmol-n l-1 d-1,"[3, 7, 8, 9]",0.7889,ambiguous
R163,east coast USA,,"(41.995, -66.797)",continental shelves,2009-08-01,15N2,wc,,,nfix_rate,7.5,nmol-n l-1 d-1,"[6, 8]",0.7709,ambiguous
R163,east coast USA,,"(42.05, -67.601)",continental shelves,2009-08-01,15N2,wc,,,nfix_rate,2.2,nmol-n l-1 d-1,"[5, 8]",0.7646,ambiguous
R163,east coast USA,,"(42.181, -69.282)",continental shelves,2009-08-01,15N2,wc,,,nfix_rate,22.2,nmol-n l-1 d-1,[8],0.756,high
R163,east coast USA,,"(42.498, -69.672)",continental shelves,2009-08-01,15N2,wc,,,nfix_rate,18.3,nmol-n l-1 d-1,"[6, 7, 8, 9]",0.7825,ambiguous
R163,east coast USA,,"(41.314, -70.944)",continental shelves,2009-08-01,15N2,wc,,,nfix_rate,1.1,nmol-n l-1 d-1,"[6, 8, 9]",0.7736,ambiguous
R163,east coast USA,,"(41.304, -71.811)",continental shelves,2009-08-01,15N2,wc,,,nfix_rate,1.8,nmol-n l-1 d-1,"[7, 8, 9]",0.7825,ambiguous
R163,east coast USA,,"(40.059, -72.837)",continental shelves,2009-08-01,15N2,wc,,,nfix_rate,1.0,nmol-n l-1 d-1,"[3, 5, 6, 7, 8, 9, 12]",0.7889,ambiguous
R163,east coast USA,,"(39.098, -73.344)",continental shelves,2009-08-01,15N2,wc,,,nfix_rate,1.9,nmol-n l-1 d-1,"[3, 7, 8, 9]",0.7915,ambiguous
R163,east coast USA,,"(38.464, -73.3)",continental shelves,2009-08-01,15N2,wc,,,nfix_rate,20.3,nmol-n l-1 d-1,"[6, 9]",0.773,ambiguous
R163,east coast USA,,"(37.855, -74.642)",continental shelves,2009-08-01,15N2,wc,,,nfix_rate,2.7,nmol-n l-1 d-1,"[7, 8, 9]",0.7798,ambiguous
R163,east coast USA,,"(37.516, -74.974)",continental shelves,2009-08-01,15N2,wc,,,nfix_rate,2.8,nmol-n l-1 d-1,[9],0.7609,high
R163,east coast USA,,"(36.946, -75.18)",continental shelves,2009-08-01,15N2,wc,,,nfix_rate,0.7,nmol-n l-1 d-1,"[7, 8, 9]",0.7808,ambiguous
R163,east coast USA,,"(35.745, -75.395)",continental shelves,2009-08-01,15N2,wc,,,nfix_rate,1.3,nmol-n l-1 d-1,"[5, 6, 8, 9]",0.7789,ambiguous
R163,east coast USA,,"(36.554, -75.706)",continental shelves,2009-08-01,15N2,wc,,,nfix_rate,10.9,nmol-n l-1 d-1,"[7, 9]",0.7825,ambiguous
R163,east coast USA,,"(37.428, -75.477)",continental shelves,2009-08-01,15N2,wc,,,nfix_rate,9.1,nmol-n l-1 d-1,"[5, 8, 9]",0.7609,ambiguous
R163,east coast USA,,"(39.007, -74.515)",continental shelves,2009-08-01,15N2,wc,,,nfix_rate,1.8,nmol-n l-1 d-1,"[7, 8, 9]",0.7798,ambiguous
R163,east coast USA,,"(39.232, -74.512)",continental shelves,2009-08-01,15N2,wc,,,nfix_rate,2.1,nmol-n l-1 d-1,"[3, 5, 9]",0.7889,ambiguous
R163,east coast USA,,"(39.516, -73.88)",continental shelves,2009-08-01,15N2,wc,,,nfix_rate,2.0,nmol-n l-1 d-1,"[3, 5, 6, 7, 8, 9, 12, 14, 15]",0.7876,ambiguous
R163,east coast USA,,"(40.063, -73.388)",continental shelves,2009-08-01,15N2,wc,,,nfix_rate,2.4,nmol-n l-1 d-1,[9],0.7609,high
R163,east coast USA,,"(40.33, -71.74)",continental shelves,2009-08-01,15N2,wc,,,nfix_rate,1.2,nmol-n l-1 d-1,"[6, 7, 8, 9, 14]",0.782,ambiguous
R163,east coast USA,,"(40.164, -69.991)",continental shelves,2009-08-01,15N2,wc,,,nfix_rate,0.3,nmol-n l-1 d-1,"[3, 5, 6, 8, 9, 14]",0.7862,ambiguous
R163,east coast USA,,"(40.641, -69.912)",continental shelves,2009-08-01,15N2,wc,,,nfix_rate,5.5,nmol-n l-1 d-1,[9],0.7609,high
R163,east coast USA,,"(41.16, -69.324)",continental shelves,2009-08-01,15N2,wc,,,nfix_rate,2.1,nmol-n l-1 d-1,"[3, 5, 9]",0.7872,ambiguous
R163,east coast USA,,"(40.607, -68.529)",continental shelves,2009-08-01,15N2,wc,,,nfix_rate,4.5,nmol-n l-1 d-1,"[6, 8, 9, 14]",0.7736,ambiguous
R163,east coast USA,,"(41.404, -68.214)",continental shelves,2009-08-01,15N2,wc,,,nfix_rate,4.7,nmol-n l-1 d-1,"[8, 9]",0.7609,ambiguous
R163,east coast USA,,"(41.268, -67.822)",continental shelves,2009-08-01,15N2,wc,,,nfix_rate,12.2,nmol-n l-1 d-1,[9],0.7609,high
R163,east coast USA,,"(40.984, -67.203)",continental shelves,2009-08-01,15N2,wc,,,nfix_rate,5.6,nmol-n l-1 d-1,"[6, 7, 8, 9, 15]",0.7866,ambiguous
R163,east coast USA,,"(41.572, -66.955)",continental shelves,2009-08-01,15N2,wc,,,nfix_rate,1.2,nmol-n l-1 d-1,"[6, 7, 8, 9, 14]",0.7798,ambiguous
R163,east coast USA,,"(41.687, -66.442)",continental shelves,2009-08-01,15N2,wc,,,nfix_rate,5.0,nmol-n l-1 d-1,"[3, 5, 6, 7, 8, 9, 12, 14]",0.7835,ambiguous
R163,east coast USA,,"(42.057, -65.736)",continental shelves,2009-08-01,15N2,wc,,,nfix_rate,1.0,nmol-n l-1 d-1,"[3, 5, 6, 7, 8, 9, 12]",0.7862,ambiguous
R163,east coast USA,,"(42.478, -66.652)",continental shelves,2009-08-01,15N2,wc,,,nfix_rate,3.2,nmol-n l-1 d-1,"[5, 9, 14]",0.7609,ambiguous
R163,east coast USA,,"(41.995, -66.797)",continental shelves,2009-08-01,15N2,wc,,,nfix_rate,5.0,nmol-n l-1 d-1,"[3, 5, 6, 7, 8, 9, 12, 14]",0.7889,ambiguous
R163,east coast USA,,"(42.05, -67.601)",continental shelves,2009-08-01,15N2,wc,,,nfix_rate,1.3,nmol-n l-1 d-1,"[5, 6, 8, 9]",0.7747,ambiguous
R163,east coast USA,,"(42.181, -69.282)",continental shelves,2009-08-01,15N2,wc,,,nfix_rate,2.0,nmol-n l-1 d-1,"[3, 5, 6, 7, 8, 9, 12, 14, 15]",0.7862,ambiguous
R163,east coast USA,,"(42.498, -69.672)",continental shelves,2009-08-01,15N2,wc,,,nfix_rate,3.3,nmol-n l-1 d-1,"[8, 9]",0.7609,ambiguous
R164,Off,,"(27.1, -83.066)",continental shelves,2007-10-16,15N2,wc,0.5,,nfix_rate,0.37,nmol-n l-1 d-1,[5],0.8528,table-anchored
R164,CH-out,,"(26.716, -82.286)",continental shelves,2007-10-17,15N2,wc,0.5,,nfix_rate,0.23,nmol-n l-1 d-1,[5],0.8499,table-anchored
R164,CR-out,,"(26.26, -82.009)",continental shelves,2007-10-18,15N2,wc,0.5,,nfix_rate,6.03,nmol-n l-1 d-1,[5],0.8513,table-anchored
R164,CH-in,,"(26.727, -82.191)",continental shelves,2007-10-19,15N2,wc,0.5,,nfix_rate,0.2,nmol-n l-1 d-1,[5],0.8499,table-anchored
R164,SB-out,,"(27.267, -82.585)",continental shelves,2007-10-20,15N2,wc,0.5,,nfix_rate,1.49,nmol-n l-1 d-1,[5],0.8545,table-anchored
R164,TB-in,,"(27.682, -82.593)",continental shelves,2007-10-21,15N2,wc,0.5,,nfix_rate,0.79,nmol-n l-1 d-1,[5],0.8499,table-anchored
R164,TB-in,,"(26.334, -82.117)",continental shelves,2007-10-22,15N2,wc,0.5,,nfix_rate,3.88,nmol-n l-1 d-1,[5],0.8499,table-anchored
R164,Kb bloom,,"(26.381, -82.177)",continental shelves,2007-10-23,15N2,wc,0.5,,nfix_rate,2.93,nmol-n l-1 d-1,[5],0.8499,table-anchored
R164,Kb bloom,,"(26.468, -82.234)",continental shelves,2007-10-24,15N2,wc,0.5,,nfix_rate,9.02,nmol-n l-1 d-1,[5],0.8499,table-anchored
R164,Kb bloom,,"(26.397, -82.184)",continental shelves,2007-10-25,15N2,wc,0.5,,nfix_rate,3.66,nmol-n l-1 d-1,[5],0.8499,table-anchored
R164,Kb bloom,,"(26.467, -82.234)",continental shelves,2007-10-26,15N2,wc,0.5,,nfix_rate,6.93,nmol-n l-1 d-1,[5],0.8499,table-anchored
R164,Off,,"(27.108, -83.076)",continental shelves,2008-10-02,15N2,wc,0.5,,nfix_rate,0.56,nmol-n l-1 d-1,[5],0.8499,table-anchored
R164,Off,,"(27.108, -83.076)",continental shelves,2008-10-02,15N2,wc,31.0,,nfix_rate,0.54,nmol-n l-1 d-1,[5],0.8499,table-anchored
R164,CH-out,,"(26.716, -82.287)",continental shelves,2008-10-03,15N2,wc,0.5,,nfix_rate,3.89,nmol-n l-1 d-1,[5],0.8499,table-anchored
R164,CH-out,,"(26.716, -82.287)",continental shelves,2008-10-03,15N2,wc,4.0,,nfix_rate,0.47,nmol-n l-1 d-1,[5],0.8499,table-anchored
R164,CR-out,,"(26.256, -82.009)",continental shelves,2008-10-04,15N2,wc,0.5,,nfix_rate,0.63,nmol-n l-1 d-1,[5],0.8499,table-anchored
R164,CR-out,,"(26.256, -82.009)",continental shelves,2008-10-04,15N2,wc,10.0,,nfix_rate,0.51,nmol-n l-1 d-1,[5],0.8499,table-anchored
R164,CH-in,,"(26.729, -82.192)",continental shelves,2008-10-05,15N2,wc,0.5,,nfix_rate,0.04,nmol-n l-1 d-1,[5],0.8499,table-anchored
R164,CH-out,,"(26.716, -82.286)",continental shelves,2007-10-17,15N2,wc,0.5,,nfix_rate,0.29,nmol-n l-1 d-1,[5],0.8499,table-anchored
R164,CR-out,,"(26.26, -82.009)",continental shelves,2007-10-18,15N2,wc,0.5,,nfix_rate,3.51,nmol-n l-1 d-1,[5],0.8513,table-anchored
R164,CH-in,,"(26.727, -82.191)",continental shelves,2007-10-19,15N2,wc,0.5,,nfix_rate,0.32,nmol-n l-1 d-1,[5],0.8499,table-anchored
R164,SB-out,,"(27.267, -82.585)",continental shelves,2007-10-20,15N2,wc,0.5,,nfix_rate,0.38,nmol-n l-1 d-1,[5],0.8545,table-anchored
R164,TB-in,,"(27.682, -82.593)",continental shelves,2007-10-21,15N2,wc,0.5,,nfix_rate,0.69,nmol-n l-1 d-1,[5],0.8499,table-anchored
R164,TB-in,,"(26.334, -82.117)",continental shelves,2007-10-22,15N2,wc,0.5,,nfix_rate,3.85,nmol-n l-1 d-1,[5],0.8499,table-anchored
R164,Kb bloom,,"(26.381, -82.177)",continental shelves,2007-10-23,15N2,wc,0.5,,nfix_rate,2.57,nmol-n l-1 d-1,[5],0.8499,table-anchored
R164,Kb bloom,,"(26.468, -82.234)",continental shelves,2007-10-24,15N2,wc,0.5,,nfix_rate,3.31,nmol-n l-1 d-1,[5],0.8499,table-anchored
R164,Kb bloom,,"(26.397, -82.184)",continental shelves,2007-10-25,15N2,wc,0.5,,nfix_rate,5.15,nmol-n l-1 d-1,[5],0.8499,table-anchored
R164,Kb bloom,,"(26.467, -82.234)",continental shelves,2007-10-26,15N2,wc,0.5,,nfix_rate,1.28,nmol-n l-1 d-1,[5],0.8499,table-anchored
R164,Off,,"(27.108, -83.076)",continental shelves,2008-10-02,15N2,wc,0.5,,nfix_rate,0.83,nmol-n l-1 d-1,[5],0.8499,table-anchored
R164,Off,,"(27.108, -83.076)",continental shelves,2008-10-02,15N2,wc,31.0,,nfix_rate,0.38,nmol-n l-1 d-1,[5],0.8499,table-anchored
R164,CH-out,,"(26.716, -82.287)",continental shelves,2008-10-03,15N2,wc,0.5,,nfix_rate,5.73,nmol-n l-1 d-1,[5],0.8499,table-anchored
R164,CH-out,,"(26.716, -82.287)",continental shelves,2008-10-03,15N2,wc,4.0,,nfix_rate,0.52,nmol-n l-1 d-1,[5],0.8499,table-anchored
R164,CR-out,,"(26.256, -82.009)",continental shelves,2008-10-04,15N2,wc,0.5,,nfix_rate,0.57,nmol-n l-1 d-1,[5],0.8499,table-anchored
R164,CR-out,,"(26.256, -82.009)",continental shelves,2008-10-04,15N2,wc,10.0,,nfix_rate,0.51,nmol-n l-1 d-1,[5],0.8499,table-anchored
R164,CH-in,,"(26.729, -82.192)",continental shelves,2008-10-05,15N2,wc,0.5,,nfix_rate,0.73,nmol-n l-1 d-1,[5],0.8499,table-anchored
R164,SB-out,,"(27.296, -82.602)",continental shelves,2008-10-06,15N2,wc,0.5,,nfix_rate,0.12,nmol-n l-1 d-1,[5],0.8526,table-anchored
R164,TB-out,,"(27.578, -82.818)",continental shelves,2008-10-07,15N2,wc,0.5,,nfix_rate,0.99,nmol-n l-1 d-1,[5],0.8472,table-anchored
R164,CR,,"(26.384, -82.106)",continental shelves,2008-10-09,15N2,wc,4.0,,nfix_rate,0.23,nmol-n l-1 d-1,[5],0.8472,table-anchored
R164,Sanibel,,"(26.384, -82.106)",continental shelves,2008-10-09,15N2,wc,0.5,,nfix_rate,0.65,nmol-n l-1 d-1,[5],0.8472,table-anchored
R164,Sanibel,,"(26.384, -82.106)",continental shelves,2008-10-09,15N2,wc,0.5,,nfix_rate,1.31,nmol-n l-1 d-1,[5],0.8472,table-anchored
R164,Sanibel,,"(26.384, -82.106)",continental shelves,2008-10-09,15N2,wc,0.5,,nfix_rate,4.29,nmol-n l-1 d-1,[5],0.8472,table-anchored
R164,Kb bloom,,"(26.618, -82.246)",continental shelves,2008-10-10,15N2,wc,0.5,,nfix_rate,7.98,nmol-n l-1 d-1,[5],0.8499,table-anchored
R164,Kb bloom,,"(26.618, -82.246)",continental shelves,2008-10-10,15N2,wc,0.5,,nfix_rate,0.17,nmol-n l-1 d-1,[5],0.8247,table-anchored
R164,Kb bloom,,"(26.618, -82.244)",continental shelves,2008-10-11,15N2,wc,0.5,,nfix_rate,1.6,nmol-n l-1 d-1,[5],0.8499,table-anchored
R164,Kb bloom,,"(26.618, -82.244)",continental shelves,2008-10-11,15N2,wc,0.5,,nfix_rate,1.39,nmol-n l-1 d-1,[5],0.8499,table-anchored
R164,Kb bloom,,"(26.56, -82.216)",continental shelves,2008-10-11,15N2,wc,0.5,,nfix_rate,1.08,nmol-n l-1 d-1,[5],0.8513,table-anchored
R164,Kb bloom,,"(26.581, -82.272)",continental shelves,2008-10-11,15N2,wc,0.5,,nfix_rate,2.56,nmol-n l-1 d-1,[5],0.8472,table-anchored
R164,Off,,"(27.108, -83.075)",continental shelves,2009-10-02,15N2,wc,0.5,,nfix_rate,0.03,nmol-n l-1 d-1,[5],0.8499,table-anchored
R164,CH-out,,"(26.716, -82.286)",continental shelves,2009-10-03,15N2,wc,0.5,,nfix_rate,0.54,nmol-n l-1 d-1,[5],0.8499,table-anchored
R164,CR-out,,"(26.258, -82.005)",continental shelves,2009-10-04,15N2,wc,0.5,,nfix_rate,7.41,nmol-n l-1 d-1,[5],0.8341,table-anchored
R164,CH-in,,"(26.727, -82.191)",continental shelves,2009-10-05,15N2,wc,0.5,,nfix_rate,0.07,nmol-n l-1 d-1,[5],0.8499,table-anchored
R164,SB-out,,"(27.296, -82.602)",continental shelves,2009-10-06,15N2,wc,0.5,,nfix_rate,5.5,nmol-n l-1 d-1,[5],0.8374,table-anchored
R164,TB-out,,"(27.578, -82.818)",continental shelves,2009-10-07,15N2,wc,0.5,,nfix_rate,7.26,nmol-n l-1 d-1,[5],0.8429,table-anchored
R164,Kb bloom,,"(26.438, -82.518)",continental shelves,2009-10-12,15N2,wc,0.5,,nfix_rate,5.27,nmol-n l-1 d-1,[5],0.851,table-anchored
R164,CH-in,,"(26.72, -82.286)",continental shelves,2010-10-13,15N2,wc,0.5,,nfix_rate,1.25,nmol-n l-1 d-1,[5],0.8484,table-anchored
R164,CR-out,,"(26.261, -82.006)",continental shelves,2010-10-14,15N2,wc,0.5,,nfix_rate,2.13,nmol-n l-1 d-1,[5],0.8436,table-anchored
R164,unnamed station 1,,"(26.176, -82.265)",continental shelves,2010-10-16,15N2,wc,0.5,,nfix_rate,2.91,nmol-n l-1 d-1,[5],0.7826,table-anchored
R164,CH-in,,"(26.732, -82.192)",continental shelves,2010-10-17,15N2,wc,0.5,,nfix_rate,0.43,nmol-n l-1 d-1,[5],0.8472,table-anchored
R164,TB-in,,"(27.685, -82.593)",continental shelves,2010-10-18,15N2,wc,0.5,,nfix_rate,8.55,nmol-n l-1 d-1,[5],0.8421,table-anchored
R164,unnamed station 2,,"(26.225, -82.066)",continental shelves,2010-10-19,15N2,wc,0.5,,nfix_rate,7.53,nmol-n l-1 d-1,[5],0.7634,table-anchored
R164,Kb bloom,,"(26.674, -82.417)",continental shelves,2010-10-23,15N2,wc,0.5,,nfix_rate,0.41,nmol-n l-1 d-1,[5],0.8472,table-anchored
R164,Off,,"(27.108, -83.075)",continental shelves,2009-10-02,15N2,wc,0.5,,nfix_rate,0.02,nmol-n l-1 d-1,[5],0.8499,table-anchored
R164,CH-out,,"(26.716, -82.286)",continental shelves,2009-10-03,15N2,wc,0.5,,nfix_rate,2.13,nmol-n l-1 d-1,[5],0.8436,table-anchored
R164,CH-out,,"(26.716, -82.286)",continental shelves,2009-10-03,15N2,wc,0.5,,nfix_rate,2.34,nmol-n l-1 d-1,[5],0.8423,table-anchored
R164,CR-out,,"(26.258, -82.005)",continental shelves,2009-10-04,15N2,wc,0.5,,nfix_rate,4.39,nmol-n l-1 d-1,[5],0.8462,table-anchored
R164,SB-out,,"(27.296, -82.602)",continental shelves,2009-10-06,15N2,wc,0.5,,nfix_rate,69.0,nmol-n l-1 d-1,[5],0.7901,table-anchored
R164,TB-out,,"(27.578, -82.818)",continental shelves,2009-10-07,15N2,wc,0.5,,nfix_rate,5.61,nmol-n l-1 d-1,[5],0.8377,table-anchored
R164,CH-in,,"(26.72, -82.286)",continental shelves,2010-10-13,15N2,wc,0.5,,nfix_rate,1.74,nmol-n l-1 d-1,[5],0.8458,table-anchored
R164,CR-out,,"(26.261, -82.006)",continental shelves,2010-10-14,15N2,wc,0.5,,nfix_rate,0.77,nmol-n l-1 d-1,[5],0.8441,table-anchored
R164,unnamed station 3,,"(26.31, -81.936)",continental shelves,2010-10-15,15N2,wc,0.5,,nfix_rate,0.52,nmol-n l-1 d-1,[5],0.7871,table-anchored
R164,unnamed station 1,,"(26.176, -82.265)",continental shelves,2010-10-16,15N2,wc,0.5,,nfix_rate,3.89,nmol-n l-1 d-1,[5],0.7857,table-anchored
R164,CH-in,,"(26.732, -82.192)",continental shelves,2010-10-17,15N2,wc,0.5,,nfix_rate,0.49,nmol-n l-1 d-1,[5],0.8472,table-anchored
R164,TB-in,,"(27.685, -82.593)",continental shelves,2010-10-18,15N2,wc,0.5,,nfix_rate,13.6,nmol-n l-1 d-1,[5],0.8369,table-anchored
R164,unnamed station 2,,"(26.225, -82.066)",continental shelves,2010-10-19,15N2,wc,0.5,,nfix_rate,6.87,nmol-n l-1 d-1,[5],0.7811,table-anchored
R164,Kb bloom,,"(26.674, -82.417)",continental shelves,2010-10-23,15N2,wc,0.5,,nfix_rate,0.27,nmol-n l-1 d-1,[5],0.8472,table-anchored
R164,WFS,,"(26.8, -84.33)",continental shelves,2006-10-03,15N2,wc,,,nfix_rate,1.85,nmol-n l-1 d-1,[5],0.8513,table-anchored
R164,WFS,,"(26.8, -84.33)",continental shelves,2006-10-03,15N2,wc,,,nfix_rate,1.4,nmol-n l-1 d-1,[5],0.8513,table-anchored
R164,WFS,,"(26.8, -84.33)",continental shelves,2006-10-04,15N2,wc,,,nfix_rate,0.97,nmol-n l-1 d-1,[5],0.8513,table-anchored
R164,WFS,,"(26.8, -84.33)",continental shelves,2006-10-04,15N2,wc,,,nfix_rate,1.53,nmol-n l-1 d-1,[5],0.8513,table-anchored
R164,WFS,,"(26.8, -84.33)",continental shelves,2006-10-04,15N2,wc,,,nfix_rate,2.09,nmol-n l-1 d-1,[5],0.8513,table-anchored
R164,WFS,,"(26.8, -84.33)",continental shelves,2006-10-04,15N2,wc,,,nfix_rate,0.37,nmol-n l-1 d-1,[5],0.8513,table-anchored
R164,WFS,,"(26.8, -84.33)",continental shelves,2006-10-05,15N2,wc,,,nfix_rate,0.23,nmol-n l-1 d-1,[5],0.8513,table-anchored
R164,WFS,,"(26.8, -84.33)",continental shelves,2006-10-05,15N2,wc,,,nfix_rate,1.45,nmol-n l-1 d-1,[5],0.8513,table-anchored
R164,WFS,,"(26.8, -84.33)",continental shelves,2006-10-05,15N2,wc,,,nfix_rate,0.92,nmol-n l-1 d-1,[5],0.8513,table-anchored
R51,Castle Forbes - Upper,,"(-43.1402, 146.9767)",tidal flats,2002-02-03,ARA,benthos,,,nfix_rate,78.49,umol-n m-2 h-1,[8],0.7492,table-anchored
R51,Castle Forbes - Upper,,"(-43.1402, 146.9767)",tidal flats,2002-02-03,ARA,benthos,,,nfix_rate,41.37,umol-n m-2 h-1,[8],0.7405,table-anchored
R51,Castle Forbes - Upper,,"(-43.1402, 146.9767)",tidal flats,2002-02-13,ARA,benthos,,,nfix_rate,253.14,umol-n m-2 h-1,[8],0.7357,table-anchored
R51,Castle Forbes - Upper,,"(-43.1402, 146.9767)",tidal flats,2002-04,ARA,benthos,,,nfix_rate,1.217,umol-n m-2 h-1,[8],0.6967,table-anchored
R51,Castle Forbes - Upper,,"(-43.1402, 146.9767)",tidal flats,2002-04,ARA,benthos,,,nfix_rate,1.825,umol-n m-2 h-1,[8],0.7257,table-anchored
R51,Castle Forbes - Upper,,"(-43.1402, 146.9767)",tidal flats,2002-08,ARA,benthos,,,nfix_rate,0.0,umol-n m-2 h-1,[8],0.7655,table-anchored
R51,Castle Forbes - Upper,,"(-43.1402, 146.9767)",tidal flats,2002-08,ARA,benthos,,,nfix_rate,0.0,umol-n m-2 h-1,[8],0.7655,table-anchored
R51,Castle Forbes - Upper,,"(-43.1402, 146.9767)",tidal flats,2002-10,ARA,benthos,,,nfix_rate,1.83,umol-n m-2 h-1,[8],0.7269,table-anchored
R51,Castle Forbes - Upper,,"(-43.1402, 146.9767)",tidal flats,2002-10,ARA,benthos,,,nfix_rate,2.43,umol-n m-2 h-1,[8],0.6972,table-anchored
R51,Castle Forbes - Lower,,"(-43.1402, 146.9767)",tidal flats,2002-02,ARA,benthos,,,nfix_rate,52.65,umol-n m-2 h-1,[8],0.7625,table-anchored
R51,Castle Forbes - Lower,,"(-43.1402, 146.9767)",tidal flats,2002-02,ARA,benthos,,,nfix_rate,12.24,umol-n m-2 h-1,[8],0.7568,table-anchored
R51,Castle Forbes - Lower,,"(-43.1402, 146.9767)",tidal flats,2002-04,ARA,benthos,,,nfix_rate,46.53,umol-n m-2 h-1,[8],0.7426,table-anchored
R51,Castle Forbes - Lower,,"(-43.1402, 146.9767)",tidal flats,2002-04,ARA,benthos,,,nfix_rate,4.28,umol-n m-2 h-1,[8],0.7376,table-anchored
R51,Castle Forbes - Lower,,"(-43.1402, 146.9767)",tidal flats,2002-08,ARA,benthos,,,nfix_rate,0.0,umol-n m-2 h-1,[8],0.7655,table-anchored
R51,Castle Forbes - Lower,,"(-43.1402, 146.9767)",tidal flats,2002-08,ARA,benthos,,,nfix_rate,0.0,umol-n m-2 h-1,[8],0.7655,table-anchored
R51,Castle Forbes - Lower,,"(-43.1402, 146.9767)",tidal flats,2002-10,ARA,benthos,,,nfix_rate,1.22,umol-n m-2 h-1,[8],0.6961,table-anchored
R51,Castle Forbes - Lower,,"(-43.1402, 146.9767)",tidal flats,2002-10,ARA,benthos,,,nfix_rate,1.22,umol-n m-2 h-1,[8],0.6961,table-anchored
R51,Port Cygnet - Upper,,"(-43.1661, 147.082114)",tidal flats,2002-02,ARA,benthos,,,nfix_rate,0.504,umol-n m-2 h-1,[8],0.5354,table-anchored
R51,Port Cygnet - Upper,,"(-43.1661, 147.082114)",tidal flats,2002-02,ARA,benthos,,,nfix_rate,0.443,umol-n m-2 h-1,[8],0.5336,table-anchored
R51,Port Cygnet - Upper,,"(-43.1661, 147.082114)",tidal flats,2002-04,ARA,benthos,,,nfix_rate,0.667,umol-n m-2 h-1,[8],0.6095,table-anchored
R51,Port Cygnet - Upper,,"(-43.1661, 147.082114)",tidal flats,2002-04,ARA,benthos,,,nfix_rate,1.42,umol-n m-2 h-1,[8],0.6571,table-anchored
R51,Port Cygnet - Upper,,"(-43.1661, 147.082114)",tidal flats,2002-10,ARA,benthos,,,nfix_rate,0.0,umol-n m-2 h-1,[8],0.7609,table-anchored
R51,Port Cygnet - Upper,,"(-43.1661, 147.082114)",tidal flats,2002-10,ARA,benthos,,,nfix_rate,0.0,umol-n m-2 h-1,[8],0.7609,table-anchored
R51,Port Cygnet - Lower,,"(-43.1661, 147.082114)",tidal flats,2002-02-06,ARA,benthos,,,nfix_rate,4.78,umol-n m-2 h-1,[8],0.7331,table-anchored
R51,Port Cygnet - Lower,,"(-43.1661, 147.082114)",tidal flats,2002-02-06,ARA,benthos,,,nfix_rate,22.8,umol-n m-2 h-1,[8],0.7491,table-anchored
R51,Port Cygnet - Lower,,"(-43.1661, 147.082114)",tidal flats,2002-02-10,ARA,benthos,,,nfix_rate,15.37,umol-n m-2 h-1,[8],0.7352,table-anchored
R51,Port Cygnet - Lower,,"(-43.1661, 147.082114)",tidal flats,2002-02-10,ARA,benthos,,,nfix_rate,35.13,umol-n m-2 h-1,[8],0.7389,table-anchored
R51,Port Cygnet - Lower,,"(-43.1661, 147.082114)",tidal flats,2002-04,ARA,benthos,,,nfix_rate,2.03,umol-n m-2 h-1,[8],0.7542,table-anchored
R51,Port Cygnet - Lower,,"(-43.1661, 147.082114)",tidal flats,2002-04,ARA,benthos,,,nfix_rate,0.721,umol-n m-2 h-1,[8],0.634,table-anchored
R51,Port Cygnet - Lower,,"(-43.1661, 147.082114)",tidal flats,2002-10,ARA,benthos,,,nfix_rate,1.12,umol-n m-2 h-1,[8],0.7169,table-anchored
R51,Port Cygnet - Lower,,"(-43.1661, 147.082114)",tidal flats,2002-10,ARA,benthos,,,nfix_rate,1.629,umol-n m-2 h-1,[8],0.6765,table-anchored
