document_id,gt_row_index,name,attribute,value,units,page_number,page_confidence,corrected_page
R103,141,"Lake Malawi, Africa, site LI-Membe",nfix_rate,1276.0,ug-n2 m-2 h-1,"1, 3",ambiguous,
R103,144,"Lake Malawi, Africa, site Maleri N",nfix_rate,1190.0,ug-n2 m-2 h-1,"1, 3",ambiguous,
R103,145,"Lake Malawi, Africa, site Maleri N",nfix_rate,1068.0,ug-n2 m-2 h-1,"1, 3",ambiguous,
R103,147,"Lake Malawi, Africa, site Maleri S",nfix_rate,1310.0,ug-n2 m-2 h-1,"1, 3",ambiguous,
R103,150,"Lake Malawi, Africa, site Thumbi West",nfix_rate,2585.0,ug-n2 m-2 h-1,"1, 3",ambiguous,
R103,151,"Lake Malawi, Africa, site Thumbi West",nfix_rate,1029.0,ug-n2 m-2 h-1,"1, 3",ambiguous,
R103,139,"Lake Malawi, Africa, site LI-Makalawe",nfix_rate,642.0,ug-n2 m-2 h-1,1,high,
R103,140,"Lake Malawi, Africa, site LI-Makalawe",nfix_rate,743.0,ug-n2 m-2 h-1,1,high,
R103,142,"Lake Malawi, Africa, site LI-Membe",nfix_rate,590.0,ug-n2 m-2 h-1,1,high,
R103,143,"Lake Malawi, Africa, site LI-Membe",nfix_rate,445.0,ug-n2 m-2 h-1,1,high,
R103,146,"Lake Malawi, Africa, site Maleri N",nfix_rate,443.0,ug-n2 m-2 h-1,1,high,
R103,148,"Lake Malawi, Africa, site Maleri S",nfix_rate,782.0,ug-n2 m-2 h-1,1,high,
R103,149,"Lake Malawi, Africa, site Maleri S",nfix_rate,108.0,ug-n2 m-2 h-1,1,high,
R103,152,"Lake Malawi, Africa, site Thumbi West",nfix_rate,387.0,ug-n2 m-2 h-1,1,high,
R103,153,"Lake Malawi, Africa, site Thumbi West",nfix_rate,327.0,ug-n2 m-2 h-1,1,high,
R103,154,"Lake Malawi, Africa, site Maleri S",nfix_rate,718.0,ug-n2 m-2 h-1,3,high,
R103,155,"Lake Malawi, Africa, site Maleri S",nfix_rate,899.0,ug-n2 m-2 h-1,3,high,
R103,156,"Lake Malawi, Africa, site Maleri S",nfix_rate,948.0,ug-n2 m-2 h-1,3,high,
R103,157,"Lake Malawi, Africa, site Thumbi West",nfix_rate,383.0,ug-n2 m-2 h-1,3,high,
R103,158,"Lake Malawi, Africa, site Thumbi West",nfix_rate,492.0,ug-n2 m-2 h-1,3,high,
R103,159,"Lake Malawi, Africa, site Thumbi West",nfix_rate,349.0,ug-n2 m-2 h-1,3,high,
R103,160,"Lake Malawi, Africa, site Thumbi West",nfix_rate,982.0,ug-n2 m-2 h-1,3,high,
R103,161,"Lake Malawi, Africa, site Thumbi West",nfix_rate,721.0,ug-n2 m-2 h-1,3,high,
R121,380,Sabaki station point 18,nfix_rate,0.1,umol-n2 m-2 d-1,"8, 13",ambiguous,
R121,375,Kiwayuu station point 27,nfix_rate,86.9,umol-n2 m-2 d-1,13,high,
R121,376,Kiwayuu station point 28,nfix_rate,22.5,umol-n2 m-2 d-1,13,high,
R121,377,Sabaki station point 08,nfix_rate,0.4,umol-n2 m-2 d-1,13,high,
R121,378,Sabaki station point 11,nfix_rate,2.6,umol-n2 m-2 d-1,13,high,
R121,379,Sabaki station point 17,nfix_rate,23.6,umol-n2 m-2 d-1,13,high,
R121,381,Gazi station point 03,nfix_rate,2.3,umol-n2 m-2 d-1,13,high,
R121,382,Gazi station point 03 during surface bloom,nfix_rate,15695.5,umol-n2 m-2 d-1,13,high,
R121,383,Gazi station point 05,nfix_rate,0.7,umol-n2 m-2 d-1,13,high,
R130,515,Jiaozhou Bay,nfix_rate,0.29,nmol-n l-1 h-1,"1, 2, 3, 5",ambiguous,
R130,516,Jiaozhou Bay,nfix_rate,0.23,nmol-n l-1 h-1,"1, 3",ambiguous,
R130,518,Jiaozhou Bay,nfix_rate,0.27,nmol-n l-1 h-1,"1, 3, 5",ambiguous,
R130,517,Jiaozhou Bay,nfix_rate,0.1,nmol-n l-1 h-1,3,high,
R144,442,"Lake Taihu, China",nfix_rate,-14.0,umol-n m-2 h-1,"0, 1, 2, 3, 4, 5, 6, 7, 8, 9, 11, 12",ambiguous,
R147,4,Arafura and Timor Sea,nfix_rate,23.0,nmol-n l-1 d-1,"0, 1, 12",ambiguous,
R147,5,Coral Sea,nfix_rate,6.0,nmol-n l-1 d-1,"3, 5, 6, 9, 11, 12, 13",ambiguous,
R156,85,Weipa mud flat,nfix_rate,19.6,mg-n m-2 d-1,"2, 4",ambiguous,
R156,417,Groote Eylandt open bay,nfix_rate,2.2,mg-n m-2 d-1,"2, 4",ambiguous,
R156,418,Groote Eylandt open bay,nfix_rate,2.6,mg-n m-2 d-1,"2, 4",ambiguous,
R156,419,Groote Eylandt open bay,nfix_rate,4.1,ug-n g-1 d-1,"2, 4",ambiguous,
R156,423,Groote Eylandt reef flat,nfix_rate,1.6,mg-n m-2 d-1,"2, 4",ambiguous,
R156,424,Groote Eylandt reef flat,nfix_rate,3.7,ug-n g-1 d-1,"2, 4",ambiguous,
R156,391,Weipa seagrass bed,nfix_rate,0.3,mg-n m-2 d-1,4,medium,
R156,392,Weipa seagrass bed,nfix_rate,0.1,mg-n m-2 d-1,4,medium,
R156,393,Weipa seagrass bed,nfix_rate,0.1,ug-n g-1 d-1,4,medium,
R156,422,Groote Eylandt reef flat,nfix_rate,0.3,mg-n m-2 d-1,4,medium,
R156,84,Weipa seagrass bed,nfix_rate,25.0,mg-n m-2 d-1,2,high,
R156,314,Groote Eylandt open bay,nfix_rate,33.0,mg-n m-2 d-1,2,high,
R156,315,Groote Eylandt open bay,nfix_rate,41.0,mg-n m-2 d-1,2,high,
R156,368,Groote Eylandt reef flat,nfix_rate,16.0,mg-n m-2 d-1,2,high,
R156,369,Groote Eylandt reef flat,nfix_rate,15.0,mg-n m-2 d-1,2,high,
R156,390,Weipa seagrass bed,nfix_rate,4.2,mg-n m-2 d-1,4,high,
R158,519,"Kendall Frost Reserve, Mission Bay, CA",nfix_rate,4.8,nmol-c2h4 g-1 h-1,"0, 2, 6, 9",ambiguous,
R158,520,"Kendall Frost Reserve, Mission Bay, CA",nfix_rate,5.4,nmol-c2h4 g-1 h-1,"0, 2, 6, 9",ambiguous,
R159,270,"Tijuana Estuary, Imperial Beach, California - Native habitat",nfix_rate,3.1,umol-c2h4 m-2 h-1,"0, 1, 10, 11",ambiguous,
R159,271,"Tijuana Estuary, Imperial beach, California - Habitat with tamarisk shrubs",nfix_rate,6.1,umol-c2h4 m-2 h-1,"0, 1, 10, 11",ambiguous,
R159,269,"Northern Wildlife Preserve, San Diego, California - Habitat with mussels",nfix_rate,11.0,umol-c2h4 m-2 h-1,4,medium,
R159,268,"Northern Wildlife Preserve, San Diego, California - Native habitat",nfix_rate,29.0,umol-c2h4 m-2 h-1,10,high,
R163,622,east coast USA,nfix_rate,3.7,nmol-n l-1 d-1,"2, 7",ambiguous,
R163,623,east coast USA,nfix_rate,2.0,nmol-n l-1 d-1,"2, 4, 5, 6, 7, 8, 11, 13, 14",ambiguous,
R163,625,east coast USA,nfix_rate,19.3,nmol-n l-1 d-1,"2, 6",ambiguous,
R163,628,east coast USA,nfix_rate,17.3,nmol-n l-1 d-1,"2, 5, 6, 7, 8",ambiguous,
R163,629,east coast USA,nfix_rate,22.5,nmol-n l-1 d-1,"2, 8",ambiguous,
R163,631,east coast USA,nfix_rate,30.9,nmol-n l-1 d-1,"2, 4, 5, 7",ambiguous,
R163,633,east coast USA,nfix_rate,39.0,nmol-n l-1 d-1,"2, 11",ambiguous,
R163,635,east coast USA,nfix_rate,3.8,nmol-n l-1 d-1,"2, 4, 6",ambiguous,
R163,636,east coast USA,nfix_rate,4.1,nmol-n l-1 d-1,"4, 5, 7, 8",ambiguous,
R163,637,east coast USA,nfix_rate,2.1,nmol-n l-1 d-1,"2, 4, 8",ambiguous,
R163,638,east coast USA,nfix_rate,1.4,nmol-n l-1 d-1,"4, 5, 7, 8",ambiguous,
R163,639,east coast USA,nfix_rate,1.0,nmol-n l-1 d-1,"2, 4, 5, 6, 7, 8, 11",ambiguous,
R163,640,east coast USA,nfix_rate,1.7,nmol-n l-1 d-1,"4, 6",ambiguous,
R163,642,east coast USA,nfix_rate,3.2,nmol-n l-1 d-1,"4, 8, 13",ambiguous,
R163,643,east coast USA,nfix_rate,5.0,nmol-n l-1 d-1,"2, 4, 5, 6, 7, 8, 11, 13",ambiguous,
R163,644,east coast USA,nfix_rate,4.3,nmol-n l-1 d-1,"4, 5, 7",ambiguous,
R163,646,east coast USA,nfix_rate,2.2,nmol-n l-1 d-1,"4, 7",ambiguous,
R163,647,east coast USA,nfix_rate,8.8,nmol-n l-1 d-1,"4, 7",ambiguous,
R163,648,east coast USA,nfix_rate,2.6,nmol-n l-1 d-1,"4, 5, 7, 8",ambiguous,
R163,649,east coast USA,nfix_rate,3.8,nmol-n l-1 d-1,"2, 4, 6",ambiguous,
R163,650,east coast USA,nfix_rate,5.6,nmol-n l-1 d-1,"5, 6, 7, 8, 14",ambiguous,
R163,651,east coast USA,nfix_rate,2.7,nmol-n l-1 d-1,"6, 7, 8",ambiguous,
R163,652,east coast USA,nfix_rate,8.6,nmol-n l-1 d-1,"5, 7",ambiguous,
R163,654,east coast USA,nfix_rate,17.3,nmol-n l-1 d-1,"2, 5, 6, 7, 8",ambiguous,
R163,655,east coast USA,nfix_rate,20.3,nmol-n l-1 d-1,"5, 8",ambiguous,
R163,657,east coast USA,nfix_rate,4.0,nmol-n l-1 d-1,"2, 4, 5, 6, 7, 11, 13",ambiguous,
R163,658,east coast USA,nfix_rate,7.2,nmol-n l-1 d-1,"2, 5",ambiguous,
R163,659,east coast USA,nfix_rate,2.0,nmol-n l-1 d-1,"2, 4, 5, 6, 7, 8, 11, 13, 14",ambiguous,
R163,660,east coast USA,nfix_rate,2.3,nmol-n l-1 d-1,"2, 5, 6, 7, 8",ambiguous,
R163,661,east coast USA,nfix_rate,1.4,nmol-n l-1 d-1,"4, 5, 7, 8",ambiguous,
R163,662,east coast USA,nfix_rate,1.3,nmol-n l-1 d-1,"4, 5, 7, 8",ambiguous,
R163,663,east coast USA,nfix_rate,4.1,nmol-n l-1 d-1,"4, 5, 7, 8",ambiguous,
R163,664,east coast USA,nfix_rate,4.5,nmol-n l-1 d-1,"5, 7, 8, 13",ambiguous,
R163,665,east coast USA,nfix_rate,4.1,nmol-n l-1 d-1,"4, 5, 7, 8",ambiguous,
R163,666,east coast USA,nfix_rate,11.3,nmol-n l-1 d-1,"6, 7, 8",ambiguous,
R163,668,east coast USA,nfix_rate,4.4,nmol-n l-1 d-1,"6, 7, 8",ambiguous,
R163,669,east coast USA,nfix_rate,13.9,nmol-n l-1 d-1,"6, 8",ambiguous,
R163,670,east coast USA,nfix_rate,6.0,nmol-n l-1 d-1,"5, 6",ambiguous,
R163,671,east coast USA,nfix_rate,10.9,nmol-n l-1 d-1,"6, 8",ambiguous,
R163,672,east coast USA,nfix_rate,5.6,nmol-n l-1 d-1,"5, 6, 7, 8, 14",ambiguous,
R163,673,east coast USA,nfix_rate,1.5,nmol-n l-1 d-1,"6, 7, 8",ambiguous,
R163,674,east coast USA,nfix_rate,7.1,nmol-n l-1 d-1,"2, 6, 8",ambiguous,
R163,675,east coast USA,nfix_rate,1.9,nmol-n l-1 d-1,"2, 6, 7, 8",ambiguous,
R163,676,east coast USA,nfix_rate,1.0,nmol-n l-1 d-1,"2, 4, 5, 6, 7, 8, 11",ambiguous,
R163,677,east coast USA,nfix_rate,0.7,nmol-n l-1 d-1,"6, 7, 8",ambiguous,
R163,678,east coast USA,nfix_rate,0.2,nmol-n l-1 d-1,"2, 4, 5, 6, 7, 8",ambiguous,
R163,679,east coast USA,nfix_rate,0.9,nmol-n l-1 d-1,"2, 4, 6, 7, 8",ambiguous,
R163,680,east coast USA,nfix_rate,2.7,nmol-n l-1 d-1,"6, 7, 8",ambiguous,
R163,681,east coast USA,nfix_rate,1.8,nmol-n l-1 d-1,"6, 7, 8",ambiguous,
R163,682,east coast USA,nfix_rate,1.1,nmol-n l-1 d-1,"5, 7, 8",ambiguous,
R163,684,east coast USA,nfix_rate,2.2,nmol-n l-1 d-1,"4, 7",ambiguous,
R163,685,east coast USA,nfix_rate,21.9,nmol-n l-1 d-1,"4, 7",ambiguous,
R163,687,east coast USA,nfix_rate,8.6,nmol-n l-1 d-1,"5, 7",ambiguous,
R163,688,east coast USA,nfix_rate,1.2,nmol-n l-1 d-1,"5, 6, 7, 8, 13",ambiguous,
R163,690,east coast USA,nfix_rate,25.7,nmol-n l-1 d-1,"2, 7, 8",ambiguous,
R163,692,east coast USA,nfix_rate,2.3,nmol-n l-1 d-1,"2, 5, 6, 7, 8",ambiguous,
R163,693,east coast USA,nfix_rate,2.6,nmol-n l-1 d-1,"4, 5, 7, 8",ambiguous,
R163,694,east coast USA,nfix_rate,3.0,nmol-n l-1 d-1,"2, 4, 5, 6, 7, 11, 13",ambiguous,
R163,695,east coast USA,nfix_rate,1.8,nmol-n l-1 d-1,"6, 7, 8",ambiguous,
R163,696,east coast USA,nfix_rate,9.1,nmol-n l-1 d-1,"4, 7, 8",ambiguous,
R163,697,east coast USA,nfix_rate,4.5,nmol-n l-1 d-1,"5, 7, 8, 13",ambiguous,
R163,698,east coast USA,nfix_rate,28.6,nmol-n l-1 d-1,"7, 8",ambiguous,
R163,699,east coast USA,nfix_rate,5.6,nmol-n l-1 d-1,"5, 6, 7, 8, 14",ambiguous,
R163,700,east coast USA,nfix_rate,3.7,nmol-n l-1 d-1,"2, 7",ambiguous,
R163,701,east coast USA,nfix_rate,7.0,nmol-n l-1 d-1,"5, 6, 7, 14",ambiguous,
R163,703,east coast USA,nfix_rate,4.1,nmol-n l-1 d-1,"4, 5, 7, 8",ambiguous,
R163,704,east coast USA,nfix_rate,2.5,nmol-n l-1 d-1,"4, 7",ambiguous,
R163,705,east coast USA,nfix_rate,4.3,nmol-n l-1 d-1,"4, 5, 7",ambiguous,
R163,706,east coast USA,nfix_rate,3.1,nmol-n l-1 d-1,"7, 13",ambiguous,
R163,707,east coast USA,nfix_rate,1.9,nmol-n l-1 d-1,"2, 6, 7, 8",ambiguous,
R163,708,east coast USA,nfix_rate,7.5,nmol-n l-1 d-1,"5, 7",ambiguous,
R163,709,east coast USA,nfix_rate,2.2,nmol-n l-1 d-1,"4, 7",ambiguous,
R163,711,east coast USA,nfix_rate,18.3,nmol-n l-1 d-1,"5, 6, 7, 8",ambiguous,
R163,712,east coast USA,nfix_rate,1.1,nmol-n l-1 d-1,"5, 7, 8",ambiguous,
R163,713,east coast USA,nfix_rate,1.8,nmol-n l-1 d-1,"6, 7, 8",ambiguous,
R163,714,east coast USA,nfix_rate,1.0,nmol-n l-1 d-1,"2, 4, 5, 6, 7, 8, 11",ambiguous,
R163,715,east coast USA,nfix_rate,1.9,nmol-n l-1 d-1,"2, 6, 7, 8",ambiguous,
R163,716,east coast USA,nfix_rate,20.3,nmol-n l-1 d-1,"5, 8",ambiguous,
R163,717,east coast USA,nfix_rate,2.7,nmol-n l-1 d-1,"6, 7, 8",ambiguous,
R163,719,east coast USA,nfix_rate,0.7,nmol-n l-1 d-1,"6, 7, 8",ambiguous,
R163,720,east coast USA,nfix_rate,1.3,nmol-n l-1 d-1,"4, 5, 7, 8",ambiguous,
R163,721,east coast USA,nfix_rate,10.9,nmol-n l-1 d-1,"6, 8",ambiguous,
R163,722,east coast USA,nfix_rate,9.1,nmol-n l-1 d-1,"4, 7, 8",ambiguous,
R163,723,east coast USA,nfix_rate,1.8,nmol-n l-1 d-1,"6, 7, 8",ambiguous,
R163,724,east coast USA,nfix_rate,2.1,nmol-n l-1 d-1,"2, 4, 8",ambiguous,
R163,725,east coast USA,nfix_rate,2.0,nmol-n l-1 d-1,"2, 4, 5, 6, 7, 8, 11, 13, 14",ambiguous,
R163,727,east coast USA,nfix_rate,1.2,nmol-n l-1 d-1,"5, 6, 7, 8, 13",ambiguous,
R163,728,east coast USA,nfix_rate,0.3,nmol-n l-1 d-1,"2, 4, 5, 7, 8, 13",ambiguous,
R163,730,east coast USA,nfix_rate,2.1,nmol-n l-1 d-1,"2, 4, 8",ambiguous,
R163,731,east coast USA,nfix_rate,4.5,nmol-n l-1 d-1,"5, 7, 8, 13",ambiguous,
R163,732,east coast USA,nfix_rate,4.7,nmol-n l-1 d-1,"7, 8",ambiguous,
R163,734,east coast USA,nfix_rate,5.6,nmol-n l-1 d-1,"5, 6, 7, 8, 14",ambiguous,
R163,735,east coast USA,nfix_rate,1.2,nmol-n l-1 d-1,"5, 6, 7, 8, 13",ambiguous,
R163,736,east coast USA,nfix_rate,5.0,nmol-n l-1 d-1,"2, 4, 5, 6, 7, 8, 11, 13",ambiguous,
R163,737,east coast USA,nfix_rate,1.0,nmol-n l-1 d-1,"2, 4, 5, 6, 7, 8, 11",ambiguous,
R163,738,east coast USA,nfix_rate,3.2,nmol-n l-1 d-1,"4, 8, 13",ambiguous,
R163,739,east coast USA,nfix_rate,5.0,nmol-n l-1 d-1,"2, 4, 5, 6, 7, 8, 11, 13",ambiguous,
R163,740,east coast USA,nfix_rate,1.3,nmol-n l-1 d-1,"4, 5, 7, 8",ambiguous,
R163,741,east coast USA,nfix_rate,2.0,nmol-n l-1 d-1,"2, 4, 5, 6, 7, 8, 11, 13, 14",ambiguous,
R163,742,east coast USA,nfix_rate,3.3,nmol-n l-1 d-1,"7, 8",ambiguous,
R163,624,east coast USA,nfix_rate,12.9,nmol-n l-1 d-1,2,high,
R163,626,east coast USA,nfix_rate,10.8,nmol-n l-1 d-1,2,high,
R163,627,east coast USA,nfix_rate,11.7,nmol-n l-1 d-1,2,high,
R163,630,east coast USA,nfix_rate,24.5,nmol-n l-1 d-1,2,high,
R163,632,east coast USA,nfix_rate,35.1,nmol-n l-1 d-1,2,high,
R163,634,east coast USA,nfix_rate,23.3,nmol-n l-1 d-1,2,high,
R163,641,east coast USA,nfix_rate,4.2,nmol-n l-1 d-1,4,high,
R163,645,east coast USA,nfix_rate,3.5,nmol-n l-1 d-1,4,high,
R163,653,east coast USA,nfix_rate,15.7,nmol-n l-1 d-1,5,high,
R163,656,east coast USA,nfix_rate,6.5,nmol-n l-1 d-1,5,high,
R163,667,east coast USA,nfix_rate,4.9,nmol-n l-1 d-1,6,high,
R163,683,east coast USA,nfix_rate,9.2,nmol-n l-1 d-1,7,high,
R163,686,east coast USA,nfix_rate,11.9,nmol-n l-1 d-1,7,high,
R163,689,east coast USA,nfix_rate,5.3,nmol-n l-1 d-1,7,high,
R163,691,east coast USA,nfix_rate,49.8,nmol-n l-1 d-1,7,high,
R163,702,east coast USA,nfix_rate,10.6,nmol-n l-1 d-1,7,high,
R163,710,east coast USA,nfix_rate,22.2,nmol-n l-1 d-1,7,high,
R163,718,east coast USA,nfix_rate,2.8,nmol-n l-1 d-1,8,high,
R163,726,east coast USA,nfix_rate,2.4,nmol-n l-1 d-1,8,high,
R163,729,east coast USA,nfix_rate,5.5,nmol-n l-1 d-1,8,high,
R163,733,east coast USA,nfix_rate,12.2,nmol-n l-1 d-1,8,high,
R172,322,"Moreton bay, Australia",nfix_rate,5.0,umol-c2h4 m-2 h-1,"4, 7",ambiguous,
R172,348,"Moreton bay, Australia",nfix_rate,4.0,umol-c2h4 m-2 h-1,"4, 7",ambiguous,
R172,356,"Moreton bay, Australia",nfix_rate,6.0,umol-n m-2 h-1,"4, 7",ambiguous,
R172,357,"Moreton bay, Australia",nfix_rate,0.9,umol-n m-2 h-1,"4, 7",ambiguous,
R172,319,"Moreton bay, Australia",nfix_rate,26.9,umol-c2h4 m-2 h-1,4,high,
R172,320,"Moreton bay, Australia",nfix_rate,9.0,umol-c2h4 m-2 h-1,4,high,
R172,321,"Moreton bay, Australia",nfix_rate,6.4,umol-c2h4 m-2 h-1,4,high,
R172,323,"Moreton bay, Australia",nfix_rate,2.6,umol-c2h4 m-2 h-1,4,high,
R172,324,"Moreton bay, Australia",nfix_rate,1.8,umol-c2h4 m-2 h-1,4,high,
R172,325,"Moreton bay, Australia",nfix_rate,9.9,umol-c2h4 m-2 h-1,4,high,
R172,326,"Moreton bay, Australia",nfix_rate,8.6,umol-c2h4 m-2 h-1,4,high,
R172,327,"Moreton bay, Australia",nfix_rate,6.7,umol-c2h4 m-2 h-1,4,high,
R172,328,"Moreton bay, Australia",nfix_rate,4.8,umol-c2h4 m-2 h-1,4,high,
R172,329,"Moreton bay, Australia",nfix_rate,0.0,umol-c2h4 m-2 h-1,4,high,
R172,330,"Moreton bay, Australia",nfix_rate,1.6,umol-c2h4 m-2 h-1,4,high,
R172,331,"Moreton bay, Australia",nfix_rate,2.2,umol-c2h4 m-2 h-1,4,high,
R172,332,"Moreton bay, Australia",nfix_rate,2.2,umol-c2h4 m-2 h-1,4,high,
R172,333,"Moreton bay, Australia",nfix_rate,0.0,umol-c2h4 m-2 h-1,4,high,
R172,334,"Moreton bay, Australia",nfix_rate,46.0,umol-c2h4 m-2 h-1,4,high,
R172,335,"Moreton bay, Australia",nfix_rate,22.0,umol-c2h4 m-2 h-1,4,high,
R172,336,"Moreton bay, Australia",nfix_rate,17.5,umol-c2h4 m-2 h-1,4,high,
R172,337,"Moreton bay, Australia",nfix_rate,13.6,umol-c2h4 m-2 h-1,4,high,
R172,338,"Moreton bay, Australia",nfix_rate,12.1,umol-c2h4 m-2 h-1,4,high,
R172,339,"Moreton bay, Australia",nfix_rate,24.0,umol-c2h4 m-2 h-1,4,high,
R172,340,"Moreton bay, Australia",nfix_rate,18.4,umol-c2h4 m-2 h-1,4,high,
R172,341,"Moreton bay, Australia",nfix_rate,17.5,umol-c2h4 m-2 h-1,4,high,
R172,342,"Moreton bay, Australia",nfix_rate,13.3,umol-c2h4 m-2 h-1,4,high,
R172,343,"Moreton bay, Australia",nfix_rate,9.8,umol-c2h4 m-2 h-1,4,high,
R172,344,"Moreton bay, Australia",nfix_rate,0.0,umol-c2h4 m-2 h-1,4,high,
R172,345,"Moreton bay, Australia",nfix_rate,2.1,umol-c2h4 m-2 h-1,4,high,
R172,346,"Moreton bay, Australia",nfix_rate,2.9,umol-c2h4 m-2 h-1,4,high,
R172,347,"Moreton bay, Australia",nfix_rate,4.9,umol-c2h4 m-2 h-1,4,high,
R172,349,"Moreton bay, Australia",nfix_rate,33.0,umol-c2h4 m-2 h-1,4,high,
R172,350,"Moreton bay, Australia",nfix_rate,31.0,umol-c2h4 m-2 h-1,4,high,
R172,351,"Moreton bay, Australia",nfix_rate,14.0,umol-c2h4 m-2 h-1,4,high,
R172,352,"Moreton bay, Australia",nfix_rate,5.1,umol-c2h4 m-2 h-1,4,high,
R172,353,"Moreton bay, Australia",nfix_rate,1.4,umol-c2h4 m-2 h-1,4,high,
R172,354,"Moreton bay, Australia",nfix_rate,0.3,umol-c2h4 m-2 h-1,4,high,
R172,355,"Moreton bay, Australia",nfix_rate,35.0,umol-n m-2 h-1,7,high,
R172,358,"Moreton bay, Australia",nfix_rate,8.7,umol-n m-2 h-1,7,high,
R172,420,"Moreton bay, Australia",nfix_rate,61.0,umol-n m-2 h-1,7,high,
R172,421,"Moreton bay, Australia",nfix_rate,8.5,umol-n m-2 h-1,7,high,
R173,93,"Walker Creek Delta, Tomales Bay California",nfix_rate,8.3,nmol-c2h4 cm-2 h-1,"1, 3, 4, 5, 6",ambiguous,
R173,95,"Walker Creek Delta, Tomales Bay California",nfix_rate,25.0,nmol-c2h4 cm-2 h-1,"0, 6",ambiguous,
R173,97,"Walker Creek Delta, Tomales Bay California",nfix_rate,24.7,nmol-c2h4 cm-2 h-1,"0, 6",ambiguous,
R173,98,"Walker Creek Delta, Tomales Bay California",nfix_rate,8.3,nmol-c2h4 cm-2 h-1,"1, 3, 4, 5, 6",ambiguous,
R173,99,"Lagunitas Creek, Tomales Bay, CA",nfix_rate,22.7,nmol-c2h4 cm-2 h-1,"0, 6, 7",ambiguous,
R173,100,"Lagunitas Creek, Tomales Bay, CA",nfix_rate,7.3,nmol-c2h4 cm-2 h-1,"2, 3, 4, 5, 6",ambiguous,
R173,101,"Lagunitas Creek, Tomales Bay, CA",nfix_rate,20.3,nmol-c2h4 cm-2 h-1,"1, 3, 6, 7",ambiguous,
R173,102,"Lagunitas Creek, Tomales Bay, CA",nfix_rate,5.2,nmol-c2h4 cm-2 h-1,"6, 7",ambiguous,
R173,103,"Lagunitas Creek, Tomales Bay, CA",nfix_rate,2.7,nmol-c2h4 cm-2 h-1,"0, 1, 6, 7",ambiguous,
R173,94,"Walker Creek Delta, Tomales Bay California",nfix_rate,5.5,nmol-c2h4 cm-2 h-1,6,high,
R173,96,"Walker Creek Delta, Tomales Bay California",nfix_rate,47.8,nmol-c2h4 cm-2 h-1,6,high,
R225,162,"Mono Lake, Sierra Nevada, California - Station 3, 2 m depth",nfix_rate,0.0,nmol-n l-1 d-1,"6, 8",ambiguous,
R225,163,"Mono Lake, Sierra Nevada, California - Station 3, 18.5 m depth",nfix_rate,0.0,nmol-n l-1 d-1,"6, 8",ambiguous,
R225,164,"Mono Lake, Sierra Nevada, California - Station 3, 30 m depth",nfix_rate,0.0,nmol-n l-1 d-1,"6, 8",ambiguous,
R225,165,"Mono Lake, Sierra Nevada, California - Station 6, 2 m depth",nfix_rate,0.0,nmol-n l-1 d-1,"6, 8",ambiguous,
R225,166,"Mono Lake, Sierra Nevada, California - Station 6, 18.5 m depth",nfix_rate,0.0,nmol-n l-1 d-1,"6, 8",ambiguous,
R225,167,"Mono Lake, Sierra Nevada, California - Station 6, 30 m depth",nfix_rate,0.0,nmol-n l-1 d-1,"6, 8",ambiguous,
R230,169,Lake Verevi,nfix_rate,2.8,mg-n m-3 d-1,"0, 1, 2, 3, 4, 5, 7",ambiguous,
R230,170,Lake Verevi,nfix_rate,0.3,mg-n m-3 d-1,"0, 3",ambiguous,
R230,171,Lake Verevi,nfix_rate,0.38,mg-n m-3 d-1,3,high,
R241,581,"Great Peconic Bay, USA",nfix_rate,0.17,nmol-c2h4 cm-2 h-1,"24, 37",ambiguous,
R241,582,"Great Peconic Bay, USA",nfix_rate,-0.84,mmol-n m-2 d-1,34,high,
R244,359,Lle auz Oseaux - central region of Bassin d Arcachon,nfix_rate,7.66,umol-c2h4 m-2 h-1,"0, 1, 2",ambiguous,
R244,360,Lle auz Oseaux - central region of Bassin d Arcachon,nfix_rate,4.17,umol-c2h4 m-2 h-1,"1, 4",ambiguous,
R244,361,Lle auz Oseaux - central region of Bassin d Arcachon,nfix_rate,54.5,umol-c2h4 m-2 h-1,"1, 4",ambiguous,
R244,362,Lle auz Oseaux - central region of Bassin d Arcachon,nfix_rate,5.0,umol-c2h4 m-2 h-1,1,high,
R256,619,East China Sea and Southern Yellow Sea,nfix_rate,4.2,nmol-n m-3 h-1,"1, 3, 4, 5, 6, 9",ambiguous,
R256,620,East China Sea and Southern Yellow Sea,nfix_rate,38.3,nmol-n m-3 h-1,"0, 8, 9",ambiguous,
R256,621,East China Sea and Southern Yellow Sea,nfix_rate,193.1,nmol-n m-3 h-1,"8, 9",ambiguous,
R264,168,Lake Chiprana,nfix_rate,5.5,nmol-c2h4 cm-2 d-1,"0, 4, 5, 6, 7",ambiguous,
R32,39,New Caledonia lagoon,nfix_rate,9.2,nmol-n l-1 d-1,"14, 17",ambiguous,
R32,38,New Caledonia lagoon,nfix_rate,18.5,nmol-n l-1 d-1,17,high,
R34,32,Mornington Island,nfix_rate,76.0,umol-n m-2 h-1,"2, 4, 5, 8",ambiguous,
R34,34,Mornington Island,nfix_rate,27.0,umol-n m-2 h-1,"1, 2, 3, 4, 5",ambiguous,
R34,35,Mornington Island,nfix_rate,578.0,umol-n m-2 d-1,"4, 8",ambiguous,
R34,33,Mornington Island,nfix_rate,42.0,umol-n m-2 h-1,5,high,
R59,65,Stn BY31 >20um Night,nfix_rate,30.0,ng-n l-1 h-1,"5, 9",ambiguous,
R59,58,"Stn B1, <20um Day",nfix_rate,14.8,ng-n l-1 h-1,5,high,
R59,59,"Stn B1, >20um Day",nfix_rate,26.7,ng-n l-1 h-1,5,high,
R59,60,Stn BY31 <20um Day,nfix_rate,1.4,ng-n l-1 h-1,5,high,
R59,61,Stn BY31 >20um Day,nfix_rate,125.5,ng-n l-1 h-1,5,high,
R59,62,"Stn B1, <20um Night",nfix_rate,1.2,ng-n l-1 h-1,5,high,
R59,63,"Stn B1, >20um Night",nfix_rate,4.8,ng-n l-1 h-1,5,high,
R59,64,Stn BY31 <20um Night,nfix_rate,4.1,ng-n l-1 h-1,5,high,
R59,66,"Total N2 Fix 1998, Stn BY31",nfix_rate,655.0,mg-n m-2 y-1,9,high,
R59,67,"Total N2 Fix 1999, Stn BY31",nfix_rate,709.0,mg-n m-2 y-1,9,high,
R59,68,"Total N2 Fix 2000, Stn BY31",nfix_rate,301.0,mg-n m-2 y-1,9,high,
R59,69,"N2 fix, cells >20um 1998, Stn BY31",nfix_rate,494.0,mg-n m-2 y-1,9,high,
R59,70,"N2 fix, cells >20um 1999, Stn BY31",nfix_rate,549.0,mg-n m-2 y-1,9,high,
R59,71,"N2 fix, cells >20um 2000, Stn BY31",nfix_rate,227.0,mg-n m-2 y-1,9,high,
R59,72,"Total N2 Fix 1998, Stn X1",nfix_rate,242.0,mg-n m-2 y-1,9,high,
R59,73,"Total N2 Fix 1999, Stn X1",nfix_rate,422.0,mg-n m-2 y-1,9,high,
R59,74,"Total N2 Fix 2000, Stn X1",nfix_rate,970.0,mg-n m-2 y-1,9,high,
R59,75,"N2 fix, cells >20um 1998, Stn X1",nfix_rate,212.0,mg-n m-2 y-1,9,high,
R59,76,"N2 fix, cells >20um 1999, Stn X1",nfix_rate,283.0,mg-n m-2 y-1,9,high,
R59,77,"N2 fix, cells >20um 2000, Stn X1",nfix_rate,821.0,mg-n m-2 y-1,9,high,
R59,78,"Total N2 Fix 1998, Stn H4",nfix_rate,259.0,mg-n m-2 y-1,9,high,
R59,79,"Total N2 Fix 1999, Stn H4",nfix_rate,121.0,mg-n m-2 y-1,9,high,
R59,80,"Total N2 Fix 2000, Stn H4",nfix_rate,821.0,mg-n m-2 y-1,9,high,
R59,81,"N2 fix, cells >20um 1998, Stn H4",nfix_rate,213.0,mg-n m-2 y-1,9,high,
R59,82,"N2 fix, cells >20um 1999, Stn H4",nfix_rate,78.0,mg-n m-2 y-1,9,high,
R59,83,"N2 fix, cells >20um 2000, Stn H4",nfix_rate,598.0,mg-n m-2 y-1,9,high,
R6,215,"lower Mekong delta, Vietnam",nfix_rate,245.0,umol-n2 m-2 d-1,"0, 13",ambiguous,
R6,216,"lower Mekong delta, Vietnam",nfix_rate,1425.0,umol-n2 m-2 d-1,0,high,
R6,217,"lower Mekong delta, Vietnam",nfix_rate,444.0,umol-n2 m-2 d-1,0,high,
R72,494,"Cockburn SOund, Western Australia",nfix_rate,0.13,umol-c2h4 m-2 h-1,"1, 4, 10, 12",ambiguous,
R72,495,"Cockburn SOund, Western Australia",nfix_rate,0.29,umol-c2h4 m-2 h-1,"0, 3, 8, 10",ambiguous,
R72,496,"Cockburn SOund, Western Australia",nfix_rate,0.11,umol-c2h4 m-2 h-1,"1, 4, 8, 10, 12",ambiguous,
R72,497,"Cockburn SOund, Western Australia",nfix_rate,0.29,umol-c2h4 m-2 h-1,"0, 3, 8, 10",ambiguous,
R84,388,"Wilmington and Morehead City, North Carolina",nfix_rate,0.6,ug-n g-1 h-1,"3, 7, 8",ambiguous,
R84,389,"Wilmington and Morehead City, North Carolina",nfix_rate,0.09,ug-n g-1 h-1,"7, 8",ambiguous,
R96,36,northern Beibu Gulf,nfix_rate,0.33,nmol-n l-1 h-1,"4, 5",ambiguous,
R96,37,northern Beibu Gulf,nfix_rate,0.23,nmol-n l-1 h-1,"2, 4, 5",ambiguous,
R11,194,"Hurun Bay, Sumatra, Station HBA",nfix_rate,567.0,umol-n m-2 d-1,,ambiguous,
R11,195,"Hurun Bay, Sumatra, Station HBR",nfix_rate,97.0,umol-n m-2 d-1,,ambiguous,
R11,196,"Hurun Bay, Sumatra, Station HBS",nfix_rate,305.0,umol-n m-2 d-1,,ambiguous,
R11,197,"Awerange Bay, Barru Regency, South Sulawesi, Station AWM",nfix_rate,1648.0,umol-n m-2 d-1,,ambiguous,
R11,198,"Awerange Bay, Barru Regency, South Sulawesi, Station AWM",nfix_rate,238.0,umol-n m-2 d-1,,ambiguous,
R11,199,"Awerange Bay, Barru Regency, South Sulawesi, Station AWM",nfix_rate,4316.0,umol-n m-2 d-1,,ambiguous,
R11,200,"Awerange Bay, Barru Regency, South Sulawesi, Station AWM",nfix_rate,860.0,umol-n m-2 d-1,,ambiguous,
R124,272,Connector Marsh - sediment surface,nfix_rate,14.98,nmol-c2h4 m-2 h-1,8,high,
R124,273,Connector Marsh - sediment surface,nfix_rate,42.62,nmol-c2h4 m-2 h-1,8,high,
R124,274,Connector Marsh - sediment surface,nfix_rate,45.42,nmol-c2h4 m-2 h-1,8,high,
R124,275,Connector Marsh - sediment surface,nfix_rate,34.68,nmol-c2h4 m-2 h-1,8,high,
R124,276,Connector Marsh - sediment surface,nfix_rate,24.54,nmol-c2h4 m-2 h-1,8,high,
R124,277,North Bank - sediment surface,nfix_rate,7.26,nmol-c2h4 m-2 h-1,8,high,
R124,278,North Bank - sediment surface,nfix_rate,15.56,nmol-c2h4 m-2 h-1,8,high,
R124,279,North Bank - sediment surface,nfix_rate,47.58,nmol-c2h4 m-2 h-1,8,high,
R124,280,North Bank - sediment surface,nfix_rate,46.53,nmol-c2h4 m-2 h-1,8,high,
R124,281,North Bank - sediment surface,nfix_rate,26.76,nmol-c2h4 m-2 h-1,8,high,
R124,282,North Bank - sediment surface,nfix_rate,19.53,nmol-c2h4 m-2 h-1,8,high,
R124,283,Paradise Creek Marsh - sediment surface,nfix_rate,33.03,nmol-c2h4 m-2 h-1,8,high,
R124,284,Paradise Creek Marsh - sediment surface,nfix_rate,118.93,nmol-c2h4 m-2 h-1,8,high,
R124,285,Paradise Creek Marsh - sediment surface,nfix_rate,70.25,nmol-c2h4 m-2 h-1,8,high,
R124,286,Paradise Creek Marsh - sediment surface,nfix_rate,33.99,nmol-c2h4 m-2 h-1,8,high,
R124,287,Paradise Creek Marsh - sediment surface,nfix_rate,61.48,nmol-c2h4 m-2 h-1,8,high,
R124,288,Paradise Creek Marsh - sediment surface,nfix_rate,24.67,nmol-c2h4 m-2 h-1,8,high,
R124,289,Connector Marsh - rhizosphere,nfix_rate,105.52,nmol-c2h4 m-2 h-1,8,high,
R124,290,Connector Marsh - rhizosphere,nfix_rate,96.24,nmol-c2h4 m-2 h-1,8,high,
R124,291,Connector Marsh - rhizosphere,nfix_rate,118.07,nmol-c2h4 m-2 h-1,8,high,
R124,292,Connector Marsh - rhizosphere,nfix_rate,251.73,nmol-c2h4 m-2 h-1,8,high,
R124,293,North Bank - rhizosphere,nfix_rate,2.96,nmol-c2h4 m-2 h-1,8,high,
R124,294,North Bank - rhizosphere,nfix_rate,44.33,nmol-c2h4 m-2 h-1,8,high,
R124,295,North Bank - rhizosphere,nfix_rate,77.03,nmol-c2h4 m-2 h-1,8,high,
R124,296,North Bank - rhizosphere,nfix_rate,223.76,nmol-c2h4 m-2 h-1,8,high,
R124,297,North Bank - rhizosphere,nfix_rate,251.76,nmol-c2h4 m-2 h-1,8,high,
R124,298,Paradise Creek Marsh - rhizosphere,nfix_rate,7.49,nmol-c2h4 m-2 h-1,8,high,
R124,299,Paradise Creek Marsh - rhizosphere,nfix_rate,104.29,nmol-c2h4 m-2 h-1,8,high,
R124,300,Paradise Creek Marsh - rhizosphere,nfix_rate,161.91,nmol-c2h4 m-2 h-1,8,high,
R124,301,Paradise Creek Marsh - rhizosphere,nfix_rate,177.42,nmol-c2h4 m-2 h-1,8,high,
R124,302,Paradise Creek Marsh - rhizosphere,nfix_rate,73.68,nmol-c2h4 m-2 h-1,8,high,
R201,533,Bay of Calvi,nfix_rate,2.0,nmol-n l-1 d-1,3,high,
R43,244,Kings Creek N4D,nfix_rate,18.6,fmol-n g-1 h-1,20,high,
R43,245,Kings Creek N4D,nfix_rate,13.3,fmol-n g-1 h-1,20,high,
R43,246,Kings Creek K2A,nfix_rate,2.9,fmol-n g-1 h-1,20,high,
R43,247,Kings Creek K2A,nfix_rate,3.2,fmol-n g-1 h-1,20,high,
R43,248,Kings Creek K2A,nfix_rate,78.1,fmol-n g-1 h-1,20,high,
R43,249,North Creek,nfix_rate,6.2,fmol-n g-1 h-1,20,high,
R43,250,North Creek,nfix_rate,6.2,fmol-n g-1 h-1,20,high,
R43,251,North Creek,nfix_rate,14.8,fmol-n g-1 h-1,20,high,
R43,252,Natalie s Creek,nfix_rate,2.1,fmol-n g-1 h-1,20,high,
R43,253,Natalie s Creek,nfix_rate,2.3,fmol-n g-1 h-1,20,high,
R43,254,Natalie s Creek,nfix_rate,5.6,fmol-n g-1 h-1,20,high,
R43,255,Big Blue River Ditch,nfix_rate,2.3,fmol-n g-1 h-1,20,high,
R43,256,Big Blue River Ditch,nfix_rate,2.6,fmol-n g-1 h-1,20,high,
R43,257,Big Blue River Ditch,nfix_rate,3.0,fmol-n g-1 h-1,20,high,
R43,258,Campus Creek,nfix_rate,1.9,fmol-n g-1 h-1,20,high,
R43,259,Campus Creek,nfix_rate,1.5,fmol-n g-1 h-1,20,high,
R43,260,Campus Creek,nfix_rate,1.5,fmol-n g-1 h-1,20,high,
R43,261,Natalie s Creek,nfix_rate,112.8,fmol-n g-1 h-1,21,high,
R43,262,Natalie s Creek,nfix_rate,82.8,fmol-n g-1 h-1,21,high,
R43,263,Big Blue River Ditch,nfix_rate,93.5,fmol-n g-1 h-1,21,high,
R43,264,Big Blue River Ditch,nfix_rate,62.7,fmol-n g-1 h-1,21,high,
R43,265,Big Blue River Ditch,nfix_rate,69.7,fmol-n g-1 h-1,21,high,
R43,408,Kings Creek N4D,nfix_rate,81.9,fmol-n g-1 h-1,21,high,
R43,409,Kings Creek N4D,nfix_rate,63.3,fmol-n g-1 h-1,21,high,
R43,410,Kings Creek K2A,nfix_rate,9.2,fmol-n g-1 h-1,21,high,
R1,86,Giralia Bay,nfix_rate,1.7,nmol-n cm-2 h-1,7,table-anchored,
R1,87,Giralia Bay,nfix_rate,0.47,nmol-n cm-2 h-1,7,table-anchored,
R1,370,Giralia Bay,nfix_rate,2.3,nmol-n cm-2 h-1,7,table-anchored,
R1,371,Giralia Bay,nfix_rate,2.6,nmol-n cm-2 h-1,7,table-anchored,
R1,372,Giralia Bay,nfix_rate,1.6,nmol-n cm-2 h-1,7,table-anchored,
R1,373,Giralia Bay,nfix_rate,2.7,nmol-n cm-2 h-1,7,table-anchored,
R1,374,Giralia Bay,nfix_rate,0.57,nmol-n cm-2 h-1,7,table-anchored,
R102,266,"Whangateau Harbour, New Zealand",nfix_rate,24.7,umol-c2h4 m-2 h-1,3,table-anchored,
R102,267,"Whangateau Harbour, New Zealand",nfix_rate,4.5,umol-c2h4 m-2 h-1,3,table-anchored,
R102,317,"Whangateau Harbour, New Zealand",nfix_rate,15.2,umol-c2h4 m-2 h-1,3,table-anchored,
R102,318,"Whangateau Harbour, New Zealand",nfix_rate,2.9,umol-c2h4 m-2 h-1,3,table-anchored,
R105,437,"Gainsville, FL USA",nfix_rate,-0.39,mg-n m-2 h-1,9,table-anchored,
R105,438,"Gainsville, FL USA",nfix_rate,-0.72,mg-n m-2 h-1,9,table-anchored,
R105,439,"Miami, FL USA",nfix_rate,-0.48,mg-n m-2 h-1,9,table-anchored,
R105,440,"Miami, FL USA",nfix_rate,-0.29,mg-n m-2 h-1,9,table-anchored,
R105,441,"Miami, FL USA",nfix_rate,-0.28,mg-n m-2 h-1,9,table-anchored,
R109,107,"Pearl River Estuary, South China Sea",nfix_rate,0.19,ug-N g-1 d-1,4,table-anchored,
R109,108,"Pearl River Estuary, South China Sea",nfix_rate,0.37,ug-N g-1 d-1,4,table-anchored,
R114,218,"channel near Solimoes A-B, Marchantaria Island",nfix_rate,9.1,nmol-n2 g-1 h-1,11,table-anchored,
R114,219,"Lake Camaleao B, Marchantaria Island",nfix_rate,821.3,nmol-n2 g-1 h-1,11,table-anchored,
R114,220,"Lake Camaleao D, Marchantaria Island",nfix_rate,306.9,nmol-n2 g-1 h-1,11,table-anchored,
R114,221,"Lake Camaleao E, Marchantaria Island",nfix_rate,148.5,nmol-n2 g-1 h-1,11,table-anchored,
R114,222,"Lake Novo center, Marchantaria Island",nfix_rate,264.5,nmol-n2 g-1 h-1,11,table-anchored,
R114,223,"channel near Solimoes A-B, Marchantaria Island",nfix_rate,1.0,nmol-n2 g-1 h-1,11,table-anchored,
R114,224,"Lake Camaleao B, Marchantaria Island",nfix_rate,25.1,nmol-n2 g-1 h-1,11,table-anchored,
R114,225,"Lake Camaleao D, Marchantaria Island",nfix_rate,14.6,nmol-n2 g-1 h-1,11,table-anchored,
R114,226,"Lake Camaleao E, Marchantaria Island",nfix_rate,65.5,nmol-n2 g-1 h-1,11,table-anchored,
R114,227,"Lake Novo center, Marchantaria Island",nfix_rate,170.3,nmol-n2 g-1 h-1,11,table-anchored,
R114,228,"channel near Solimoes A-B, Marchantaria Island",nfix_rate,0.6,nmol-n2 g-1 h-1,11,table-anchored,
R114,229,"Lake Camaleao D, Marchantaria Island",nfix_rate,38.2,nmol-n2 g-1 h-1,11,table-anchored,
R114,230,"Lake Camaleao E, Marchantaria Island",nfix_rate,19.2,nmol-n2 g-1 h-1,11,table-anchored,
R114,231,"Lake Novo center, Marchantaria Island",nfix_rate,318.2,nmol-n2 g-1 h-1,11,table-anchored,
R114,232,"channel near Solimoes A-B, Marchantaria Island",nfix_rate,0.1,nmol-n2 g-1 h-1,11,table-anchored,
R114,233,"Lake Camaleao D, Marchantaria Island",nfix_rate,2.7,nmol-n2 g-1 h-1,11,table-anchored,
R114,234,"Lake Camaleao E, Marchantaria Island",nfix_rate,2.1,nmol-n2 g-1 h-1,11,table-anchored,
R114,235,"Lake Novo center, Marchantaria Island",nfix_rate,20.2,nmol-n2 g-1 h-1,11,table-anchored,
R114,236,"channel near Solimoes A-B, Marchantaria Island",nfix_rate,1.2,nmol-n2 g-1 h-1,11,table-anchored,
R114,237,"Lake Camaleao D, Marchantaria Island",nfix_rate,6.0,nmol-n2 g-1 h-1,11,table-anchored,
R114,238,"Lake Camaleao E, Marchantaria Island",nfix_rate,20.9,nmol-n2 g-1 h-1,11,table-anchored,
R114,239,"Lake Novo center, Marchantaria Island",nfix_rate,25.8,nmol-n2 g-1 h-1,11,table-anchored,
R114,240,"channel near Solimoes A-B, Marchantaria Island",nfix_rate,0.0,nmol-n2 g-1 h-1,11,table-anchored,
R114,241,"Lake Camaleao D, Marchantaria Island",nfix_rate,3.3,nmol-n2 g-1 h-1,11,table-anchored,
R114,242,"Lake Camaleao E, Marchantaria Island",nfix_rate,2.1,nmol-n2 g-1 h-1,11,table-anchored,
R114,243,"Lake Novo center, Marchantaria Island",nfix_rate,7.3,nmol-n2 g-1 h-1,11,table-anchored,
R116,56,Subtidal at East end of Dauphin Island,nfix_rate,2.47,umol-n m-2 h-1,6,table-anchored,
R116,57,Subtidal at East end of Dauphin Island,nfix_rate,2.36,umol-n m-2 h-1,6,table-anchored,
R117,115,"SKY Southern Patagonia, Chile",nfix_rate,78.0,mg-n m-2 d-1,4,table-anchored,
R117,116,"SKY Southern Patagonia, Chile",nfix_rate,77.0,mg-n m-2 d-1,4,table-anchored,
R117,117,"SKY Southern Patagonia, Chile",nfix_rate,194.0,mg-n m-2 d-1,4,table-anchored,
R117,118,"SKY Southern Patagonia, Chile",nfix_rate,72.0,mg-n m-2 d-1,4,table-anchored,
R117,119,"SKY Southern Patagonia, Chile",nfix_rate,61.0,mg-n m-2 d-1,4,table-anchored,
R117,120,"SKY Southern Patagonia, Chile",nfix_rate,216.0,mg-n m-2 d-1,4,table-anchored,
R117,121,"OBS Southern Patagonia, Chile",nfix_rate,69.0,mg-n m-2 d-1,4,table-anchored,
R117,122,"OBS Southern Patagonia, Chile",nfix_rate,44.0,mg-n m-2 d-1,4,table-anchored,
R117,123,"OBS Southern Patagonia, Chile",nfix_rate,127.0,mg-n m-2 d-1,4,table-anchored,
R117,124,"OBS Southern Patagonia, Chile",nfix_rate,63.0,mg-n m-2 d-1,4,table-anchored,
R117,125,"OBS Southern Patagonia, Chile",nfix_rate,27.0,mg-n m-2 d-1,4,table-anchored,
R117,126,"OBS Southern Patagonia, Chile",nfix_rate,59.0,mg-n m-2 d-1,4,table-anchored,
R122,505,Thoreaus Bog - dark,nfix_rate,0.205,umol-n g-1 h-1,5,table-anchored,
R122,506,Thoreaus Bog - dark,nfix_rate,0.16,umol-n g-1 h-1,5,table-anchored,
R122,507,Thoreaus Bog - dark,nfix_rate,0.083,umol-n g-1 h-1,5,table-anchored,
R122,508,Thoreaus Bog - dark,nfix_rate,0.123,umol-n g-1 h-1,5,table-anchored,
R122,509,Thoreaus Bog - dark,nfix_rate,0.076,umol-n g-1 h-1,5,table-anchored,
R122,510,Thoreaus Bog - light,nfix_rate,0.166,umol-n g-1 h-1,5,table-anchored,
R122,511,Thoreaus Bog - light,nfix_rate,0.183,umol-n g-1 h-1,5,table-anchored,
R122,512,Thoreaus Bog - light,nfix_rate,0.128,umol-n g-1 h-1,5,table-anchored,
R122,513,Thoreaus Bog - light,nfix_rate,0.091,umol-n g-1 h-1,5,table-anchored,
R122,514,Thoreaus Bog - light,nfix_rate,0.097,umol-n g-1 h-1,5,table-anchored,
R13,303,Virginia Coastal Reserve,nfix_rate,3.6,ng-n g-1 h-1,5,table-anchored,
R13,304,Virginia Coastal Reserve,nfix_rate,7.5,ng-n g-1 h-1,5,table-anchored,
R13,305,Virginia Coastal Reserve,nfix_rate,1.5,ng-n g-1 h-1,5,table-anchored,
R13,306,Virginia Coastal Reserve,nfix_rate,0.5,ng-n g-1 h-1,5,table-anchored,
R13,307,Virginia Coastal Reserve,nfix_rate,4.1,ng-n g-1 h-1,5,table-anchored,
R13,308,Virginia Coastal Reserve,nfix_rate,6.5,ng-n g-1 h-1,5,table-anchored,
R13,309,Virginia Coastal Reserve,nfix_rate,0.7,ng-n g-1 h-1,5,table-anchored,
R13,310,Virginia Coastal Reserve,nfix_rate,1.4,ng-n g-1 h-1,5,table-anchored,
R13,311,Virginia Coastal Reserve,nfix_rate,0.3,ng-n g-1 h-1,5,table-anchored,
R13,312,Virginia Coastal Reserve,nfix_rate,2.7,ng-n g-1 h-1,5,table-anchored,
R13,313,Virginia Coastal Reserve,nfix_rate,0.6,ng-n g-1 h-1,5,table-anchored,
R135,7,Mesohaline 1 st. 3,nfix_rate,13.0,umol-n m-2 d-1,9,table-anchored,
R135,8,Mesohaline 1 st. 9,nfix_rate,99.0,umol-n m-2 d-1,9,table-anchored,
R135,9,Mesohaline 1 st. 23,nfix_rate,187.0,umol-n m-2 d-1,9,table-anchored,
R135,10,Mesohaline 2 st. 2,nfix_rate,121.0,umol-n m-2 d-1,9,table-anchored,
R135,11,Mesohaline 2 st. 19,nfix_rate,95.0,umol-n m-2 d-1,9,table-anchored,
R135,12,Mesohaline 2 st. 25,nfix_rate,253.0,umol-n m-2 d-1,9,table-anchored,
R135,40,Estuarine st. 4,nfix_rate,48.0,umol-n m-2 d-1,9,table-anchored,
R135,41,Estuarine st. 10,nfix_rate,9.0,umol-n m-2 d-1,9,table-anchored,
R135,42,Estuarine st. 11,nfix_rate,10.0,umol-n m-2 d-1,9,table-anchored,
R135,43,Estuarine st. 14,nfix_rate,11.0,umol-n m-2 d-1,9,table-anchored,
R135,44,Estuarine st. 16,nfix_rate,28.0,umol-n m-2 d-1,9,table-anchored,
R142,187,Farmington Bay Great Salt Lake,nfix_rate,0.1,ug-n2 l-1 h-1,2,table-anchored,
R142,188,Farmington Bay Great Salt Lake,nfix_rate,0.0,ug-n2 l-1 h-1,2,table-anchored,
R142,189,Farmington Bay Great Salt Lake,nfix_rate,0.0,ug-n2 l-1 h-1,2,table-anchored,
R142,190,Farmington Bay Great Salt Lake,nfix_rate,0.0,ug-n2 l-1 h-1,2,table-anchored,
R142,191,Farmington Bay Great Salt Lake,nfix_rate,0.0,ug-n2 l-1 h-1,2,table-anchored,
R142,192,Gilbert Bay Great Salt Lake,nfix_rate,0.0,ug-n2 l-1 h-1,2,table-anchored,
R142,193,Farmington Bay Great Salt Lake,nfix_rate,2.0,ug-n2 l-1 h-1,2,table-anchored,
R150,930,"Carteau Cove, Station D",nfix_rate,19.2,umol-n2 l-1 d-1,9,table-anchored,
R150,931,"Carteau Cove, Station D",nfix_rate,25.6,umol-n2 l-1 d-1,9,table-anchored,
R150,932,"Carteau Cove, Station D",nfix_rate,38.4,umol-n2 l-1 d-1,9,table-anchored,
R150,933,"Carteau Cove, Station D",nfix_rate,12.8,umol-n2 l-1 d-1,9,table-anchored,
R150,934,"Carteau Cove, Station D",nfix_rate,76.8,umol-n2 l-1 d-1,9,table-anchored,
R150,935,"Carteau Cove, Station D",nfix_rate,44.8,umol-n2 l-1 d-1,9,table-anchored,
R150,936,"Carteau Cove, Station D",nfix_rate,3.2,umol-n2 l-1 d-1,9,table-anchored,
R150,937,"Carteau Cove, Station D",nfix_rate,12.8,umol-n2 l-1 d-1,9,table-anchored,
R151,938,"Shiraho Reef, site 500 m offshore",nfix_rate,0.16,nmol-n g-1 h-1,5,table-anchored,
R151,939,"Shiraho Reef, site 150 m offshore",nfix_rate,0.61,nmol-n g-1 h-1,5,table-anchored,
R151,940,"Shiraho Reef, site 500 m offshore",nfix_rate,0.89,nmol-n g-1 h-1,5,table-anchored,
R151,941,"Shiraho Reef, site 150 m offshore",nfix_rate,1.23,nmol-n g-1 h-1,5,table-anchored,
R151,942,"Shiraho Reef, site 150 m offshore",nfix_rate,1.65,nmol-n g-1 h-1,5,table-anchored,
R151,943,"Shiraho Reef, site 150 m offshore",nfix_rate,0.5,nmol-n g-1 h-1,5,table-anchored,
R151,944,Intertidal reefrock,nfix_rate,5.81,nmol-n g-1 h-1,5,table-anchored,
R151,945,Intertidal reefrock,nfix_rate,0.4,nmol-n g-1 h-1,5,table-anchored,
R151,946,Intertidal reefrock,nfix_rate,1.23,nmol-n g-1 h-1,5,table-anchored,
R151,947,"Shiraho Reef, site 150 m offshore",nfix_rate,6.38,nmol-n g-1 h-1,5,table-anchored,
R151,948,"Shiraho Reef, site 150 m offshore",nfix_rate,39.02,nmol-n g-1 h-1,5,table-anchored,
R151,949,"Shiraho Reef, site 150 m offshore",nfix_rate,2.53,nmol-n g-1 h-1,5,table-anchored,
R151,950,Intertidal reefrock,nfix_rate,9.14,nmol-n g-1 h-1,5,table-anchored,
R151,951,Intertidal reefrock,nfix_rate,35.35,nmol-n g-1 h-1,5,table-anchored,
R151,952,Intertidal reefrock,nfix_rate,9.55,nmol-n g-1 h-1,5,table-anchored,
R151,953,Intertidal reefrock,nfix_rate,55.15,nmol-n g-1 h-1,5,table-anchored,
R152,411,Apr,nfix_rate,56.5,nmol-c2h4 cm-2 h-1,4,table-anchored,
R152,412,Jun,nfix_rate,72.1,nmol-c2h4 cm-2 h-1,4,table-anchored,
R152,413,Jul,nfix_rate,34.2,nmol-c2h4 cm-2 h-1,4,table-anchored,
R152,414,Aug,nfix_rate,16.3,nmol-c2h4 cm-2 h-1,4,table-anchored,
R152,415,Sep,nfix_rate,17.1,nmol-c2h4 cm-2 h-1,4,table-anchored,
R152,416,Oct,nfix_rate,14.6,nmol-c2h4 cm-2 h-1,4,table-anchored,
R154,88,Gotland Basin - Central Baltic,nfix_rate,3.58,nmol-c2h4 ml-1 h-1,2,table-anchored,
R154,89,Gotland Basin - Central Baltic,nfix_rate,1.31,nmol-c2h4 ml-1 h-1,2,table-anchored,
R154,90,Gotland Basin - Central Baltic,nfix_rate,1.6,nmol-c2h4 ml-1 h-1,2,table-anchored,
R154,91,Gotland Basin - Central Baltic,nfix_rate,0.026,nmol-c2h4 ml-1 h-1,2,table-anchored,
R154,92,Gotland Basin - Central Baltic,nfix_rate,0.032,nmol-c2h4 ml-1 h-1,2,table-anchored,
R155,13,YPC,nfix_rate,17.2,umol-n m-2 d-1,7,table-anchored,
R155,14,OPC,nfix_rate,75.9,umol-n m-2 d-1,7,table-anchored,
R155,15,WPM,nfix_rate,118.3,umol-n m-2 d-1,7,table-anchored,
R155,16,EPM,nfix_rate,97.3,umol-n m-2 d-1,7,table-anchored,
R155,17,OSW,nfix_rate,104.7,umol-n m-2 d-1,7,table-anchored,
R164,743,Off,nfix_rate,0.37,nmol-n l-1 d-1,4,table-anchored,
R164,744,CH-out,nfix_rate,0.23,nmol-n l-1 d-1,4,table-anchored,
R164,745,CR-out,nfix_rate,6.03,nmol-n l-1 d-1,4,table-anchored,
R164,746,CH-in,nfix_rate,0.2,nmol-n l-1 d-1,4,table-anchored,
R164,747,SB-out,nfix_rate,1.49,nmol-n l-1 d-1,4,table-anchored,
R164,748,TB-in,nfix_rate,0.79,nmol-n l-1 d-1,4,table-anchored,
R164,749,TB-in,nfix_rate,3.88,nmol-n l-1 d-1,4,table-anchored,
R164,750,Kb bloom,nfix_rate,2.93,nmol-n l-1 d-1,4,table-anchored,
R164,751,Kb bloom,nfix_rate,9.02,nmol-n l-1 d-1,4,table-anchored,
R164,752,Kb bloom,nfix_rate,3.66,nmol-n l-1 d-1,4,table-anchored,
R164,753,Kb bloom,nfix_rate,6.93,nmol-n l-1 d-1,4,table-anchored,
R164,754,Off,nfix_rate,0.56,nmol-n l-1 d-1,4,table-anchored,
R164,755,Off,nfix_rate,0.54,nmol-n l-1 d-1,4,table-anchored,
R164,756,CH-out,nfix_rate,3.89,nmol-n l-1 d-1,4,table-anchored,
R164,757,CH-out,nfix_rate,0.47,nmol-n l-1 d-1,4,table-anchored,
R164,758,CR-out,nfix_rate,0.63,nmol-n l-1 d-1,4,table-anchored,
R164,759,CR-out,nfix_rate,0.51,nmol-n l-1 d-1,4,table-anchored,
R164,760,CH-in,nfix_rate,0.04,nmol-n l-1 d-1,4,table-anchored,
R164,761,CH-out,nfix_rate,0.29,nmol-n l-1 d-1,4,table-anchored,
R164,762,CR-out,nfix_rate,3.51,nmol-n l-1 d-1,4,table-anchored,
R164,763,CH-in,nfix_rate,0.32,nmol-n l-1 d-1,4,table-anchored,
R164,764,SB-out,nfix_rate,0.38,nmol-n l-1 d-1,4,table-anchored,
R164,765,TB-in,nfix_rate,0.69,nmol-n l-1 d-1,4,table-anchored,
R164,766,TB-in,nfix_rate,3.85,nmol-n l-1 d-1,4,table-anchored,
R164,767,Kb bloom,nfix_rate,2.57,nmol-n l-1 d-1,4,table-anchored,
R164,768,Kb bloom,nfix_rate,3.31,nmol-n l-1 d-1,4,table-anchored,
R164,769,Kb bloom,nfix_rate,5.15,nmol-n l-1 d-1,4,table-anchored,
R164,770,Kb bloom,nfix_rate,1.28,nmol-n l-1 d-1,4,table-anchored,
R164,771,Off,nfix_rate,0.83,nmol-n l-1 d-1,4,table-anchored,
R164,772,Off,nfix_rate,0.38,nmol-n l-1 d-1,4,table-anchored,
R164,773,CH-out,nfix_rate,5.73,nmol-n l-1 d-1,4,table-anchored,
R164,774,CH-out,nfix_rate,0.52,nmol-n l-1 d-1,4,table-anchored,
R164,775,CR-out,nfix_rate,0.57,nmol-n l-1 d-1,4,table-anchored,
R164,776,CR-out,nfix_rate,0.51,nmol-n l-1 d-1,4,table-anchored,
R164,777,CH-in,nfix_rate,0.73,nmol-n l-1 d-1,4,table-anchored,
R164,778,SB-out,nfix_rate,0.12,nmol-n l-1 d-1,4,table-anchored,
R164,779,TB-out,nfix_rate,0.99,nmol-n l-1 d-1,4,table-anchored,
R164,780,CR,nfix_rate,0.23,nmol-n l-1 d-1,4,table-anchored,
R164,781,Sanibel,nfix_rate,0.65,nmol-n l-1 d-1,4,table-anchored,
R164,782,Sanibel,nfix_rate,1.31,nmol-n l-1 d-1,4,table-anchored,
R164,783,Sanibel,nfix_rate,4.29,nmol-n l-1 d-1,4,table-anchored,
R164,784,Kb bloom,nfix_rate,7.98,nmol-n l-1 d-1,4,table-anchored,
R164,785,Kb bloom,nfix_rate,0.17,nmol-n l-1 d-1,4,table-anchored,
R164,786,Kb bloom,nfix_rate,1.6,nmol-n l-1 d-1,4,table-anchored,
R164,787,Kb bloom,nfix_rate,1.39,nmol-n l-1 d-1,4,table-anchored,
R164,788,Kb bloom,nfix_rate,1.08,nmol-n l-1 d-1,4,table-anchored,
R164,789,Kb bloom,nfix_rate,2.56,nmol-n l-1 d-1,4,table-anchored,
R164,790,Off,nfix_rate,0.03,nmol-n l-1 d-1,4,table-anchored,
R164,791,CH-out,nfix_rate,0.54,nmol-n l-1 d-1,4,table-anchored,
R164,792,CR-out,nfix_rate,7.41,nmol-n l-1 d-1,4,table-anchored,
R164,793,CH-in,nfix_rate,0.07,nmol-n l-1 d-1,4,table-anchored,
R164,794,SB-out,nfix_rate,5.5,nmol-n l-1 d-1,4,table-anchored,
R164,795,TB-out,nfix_rate,7.26,nmol-n l-1 d-1,4,table-anchored,
R164,796,Kb bloom,nfix_rate,5.27,nmol-n l-1 d-1,4,table-anchored,
R164,797,CH-in,nfix_rate,1.25,nmol-n l-1 d-1,4,table-anchored,
R164,798,CR-out,nfix_rate,2.13,nmol-n l-1 d-1,4,table-anchored,
R164,799,unnamed station 1,nfix_rate,2.91,nmol-n l-1 d-1,4,table-anchored,
R164,800,CH-in,nfix_rate,0.43,nmol-n l-1 d-1,4,table-anchored,
R164,801,TB-in,nfix_rate,8.55,nmol-n l-1 d-1,4,table-anchored,
R164,802,unnamed station 2,nfix_rate,7.53,nmol-n l-1 d-1,4,table-anchored,
R164,803,Kb bloom,nfix_rate,0.41,nmol-n l-1 d-1,4,table-anchored,
R164,804,Off,nfix_rate,0.02,nmol-n l-1 d-1,4,table-anchored,
R164,805,CH-out,nfix_rate,2.13,nmol-n l-1 d-1,4,table-anchored,
R164,806,CH-out,nfix_rate,2.34,nmol-n l-1 d-1,4,table-anchored,
R164,807,CR-out,nfix_rate,4.39,nmol-n l-1 d-1,4,table-anchored,
R164,808,SB-out,nfix_rate,69.0,nmol-n l-1 d-1,4,table-anchored,
R164,809,TB-out,nfix_rate,5.61,nmol-n l-1 d-1,4,table-anchored,
R164,810,CH-in,nfix_rate,1.74,nmol-n l-1 d-1,4,table-anchored,
R164,811,CR-out,nfix_rate,0.77,nmol-n l-1 d-1,4,table-anchored,
R164,812,unnamed station 3,nfix_rate,0.52,nmol-n l-1 d-1,4,table-anchored,
R164,813,unnamed station 1,nfix_rate,3.89,nmol-n l-1 d-1,4,table-anchored,
R164,814,CH-in,nfix_rate,0.49,nmol-n l-1 d-1,4,table-anchored,
R164,815,TB-in,nfix_rate,13.6,nmol-n l-1 d-1,4,table-anchored,
R164,816,unnamed station 2,nfix_rate,6.87,nmol-n l-1 d-1,4,table-anchored,
R164,817,Kb bloom,nfix_rate,0.27,nmol-n l-1 d-1,4,table-anchored,
R164,818,WFS,nfix_rate,1.85,nmol-n l-1 d-1,4,table-anchored,
R164,819,WFS,nfix_rate,1.4,nmol-n l-1 d-1,4,table-anchored,
R164,820,WFS,nfix_rate,0.97,nmol-n l-1 d-1,4,table-anchored,
R164,821,WFS,nfix_rate,1.53,nmol-n l-1 d-1,4,table-anchored,
R164,822,WFS,nfix_rate,2.09,nmol-n l-1 d-1,4,table-anchored,
R164,823,WFS,nfix_rate,0.37,nmol-n l-1 d-1,4,table-anchored,
R164,824,WFS,nfix_rate,0.23,nmol-n l-1 d-1,4,table-anchored,
R164,825,WFS,nfix_rate,1.45,nmol-n l-1 d-1,4,table-anchored,
R164,826,WFS,nfix_rate,0.92,nmol-n l-1 d-1,4,table-anchored,
R166,827,Bitter-1,nfix_rate,0.0,nmol-c2h4 ml-1 h-1,2,table-anchored,
R166,828,Bitter-1,nfix_rate,0.0,nmol-c2h4 ml-1 h-1,2,table-anchored,
R166,829,Bitter-1,nfix_rate,0.59,nmol-c2h4 ml-1 h-1,2,table-anchored,
R166,830,Bitter-1,nfix_rate,0.009,nmol-c2h4 ml-1 h-1,2,table-anchored,
R166,831,Bitter-1,nfix_rate,0.47,nmol-c2h4 ml-1 h-1,2,table-anchored,
R166,832,Bitter-1,nfix_rate,0.0,nmol-c2h4 ml-1 h-1,2,table-anchored,
R166,833,Bitter-1,nfix_rate,1.24,nmol-c2h4 ml-1 h-1,2,table-anchored,
R166,834,Bitter-1,nfix_rate,0.56,nmol-c2h4 ml-1 h-1,2,table-anchored,
R166,835,Bitter-1,nfix_rate,0.27,nmol-c2h4 ml-1 h-1,2,table-anchored,
R166,836,Bitter-1,nfix_rate,11.19,nmol-c2h4 ml-1 h-1,2,table-anchored,
R170,954,"Miers Lake 1, ML1-1",nfix_rate,0.7,nmol-n cm-3 h-1,5,table-anchored,
R170,955,"Miers Stream 1, MS1-1",nfix_rate,0.0,nmol-n cm-3 h-1,5,table-anchored,
R171,316,Bay of Arcachon,nfix_rate,0.087,nmol-n cm-3 h-1,5,table-anchored,
R171,367,Bay of Arcachon,nfix_rate,0.117,nmol-n cm-3 h-1,5,table-anchored,
R171,384,Bay of Arcachon,nfix_rate,0.008,nmol-n cm-3 h-1,5,table-anchored,
R171,385,Bay of Arcachon,nfix_rate,0.046,nmol-n cm-3 h-1,5,table-anchored,
R171,386,Bay of Arcachon,nfix_rate,0.876,nmol-n cm-3 h-1,5,table-anchored,
R171,387,Bay of Arcachon,nfix_rate,0.037,nmol-n cm-3 h-1,5,table-anchored,
R182,956,"Goat Island control, 0 weeks",nfix_rate,0.93,umol-c2h4 l-1 d-1,4,table-anchored,
R182,957,"Goat Island control, 2 weeks",nfix_rate,0.42,umol-c2h4 l-1 d-1,4,table-anchored,
R182,958,"Goat Island control, 8 weeks",nfix_rate,0.9,umol-c2h4 l-1 d-1,4,table-anchored,
R187,521,"Lake Balaton, Hungary",nfix_rate,2.1,mg-n m-2 d-1,6,table-anchored,
R187,522,"Lake Balaton, Hungary",nfix_rate,1.6,mg-n m-2 d-1,6,table-anchored,
R187,523,"Lake Balaton, Hungary",nfix_rate,4.3,mg-n m-2 d-1,6,table-anchored,
R187,524,"Lake Balaton, Hungary",nfix_rate,58.5,mg-n m-2 d-1,6,table-anchored,
R187,525,"Lake Balaton, Hungary",nfix_rate,0.4,mg-n m-2 d-1,6,table-anchored,
R187,526,"Lake Balaton, Hungary",nfix_rate,1.0,mg-n m-2 d-1,6,table-anchored,
R187,527,"Lake Balaton, Hungary",nfix_rate,163.6,mg-n m-2 d-1,6,table-anchored,
R187,528,"Lake Balaton, Hungary",nfix_rate,406.8,mg-n m-2 d-1,6,table-anchored,
R187,529,"Lake Balaton, Hungary",nfix_rate,72.8,mg-n m-2 d-1,6,table-anchored,
R187,530,"Lake Balaton, Hungary",nfix_rate,0.3,mg-n m-2 d-1,6,table-anchored,
R189,959,Lake Balaton - eastern basin,nfix_rate,1.33,mg-n m-2 d-1,4,table-anchored,
R189,960,Lake Balaton - eastern basin,nfix_rate,18.64,mg-n m-2 d-1,4,table-anchored,
R189,961,Lake Balaton - western basin,nfix_rate,10.23,mg-n m-2 d-1,4,table-anchored,
R189,962,Lake Balaton - western basin,nfix_rate,50.68,mg-n m-2 d-1,4,table-anchored,
R192,136,"Coastal Lagoon (La Albufera) near Valencia, Spain",nfix_rate,74.1,umol-c2h4 m-2 h-1,3,table-anchored,
R192,137,"Coastal Lagoon (La Albufera) near Valencia, Spain",nfix_rate,12.9,umol-c2h4 m-2 h-1,3,table-anchored,
R192,138,"Coastal Lagoon (La Albufera) near Valencia, Spain",nfix_rate,108.7,umol-c2h4 m-2 h-1,3,table-anchored,
R194,428,24-Jun-08,nfix_rate,-0.768,mmol-n m-2 h-1,6,table-anchored,
R194,429,25-Jun-08,nfix_rate,-0.173,mmol-n m-2 h-1,6,table-anchored,
R2,475,Alcudia Bay,nfix_rate,0.0356,ug-n m-3 h-1,5,table-anchored,
R2,476,Alcudia Bay,nfix_rate,0.282,ug-n m-3 h-1,5,table-anchored,
R2,477,Alcudia Bay,nfix_rate,0.129,ug-n g-1 h-1,5,table-anchored,
R2,478,Alcudia Bay,nfix_rate,0.0703,ug-n g-1 h-1,5,table-anchored,
R2,479,Alcudia Bay,nfix_rate,15.2,mg-n m-2 d-1,5,table-anchored,
R200,531,Western English Channel,nfix_rate,20.0,nmol-n l-1 d-1,2,table-anchored,
R200,532,Western English Channel,nfix_rate,18.9,nmol-n l-1 d-1,2,table-anchored,
R203,534,Lake Tahoe - North,nfix_rate,0.0071,nmol-n l-1 h-1,3,table-anchored,
R203,535,Lake Tahoe - South,nfix_rate,0.022,nmol-n l-1 h-1,3,table-anchored,
R203,536,Lake Tahoe - Middle,nfix_rate,0.051,nmol-n l-1 h-1,3,table-anchored,
R203,537,Lake Tahoe - West,nfix_rate,0.002,nmol-n l-1 h-1,3,table-anchored,
R203,538,Lake Tahoe - North,nfix_rate,0.051,nmol-n l-1 h-1,3,table-anchored,
R203,539,Lake Tahoe - South,nfix_rate,0.28,nmol-n l-1 h-1,3,table-anchored,
R203,540,Walker Lake,nfix_rate,1.2,nmol-n l-1 h-1,3,table-anchored,
R203,541,Walker Lake,nfix_rate,2.4,nmol-n l-1 h-1,3,table-anchored,
R203,542,Clear Lake - North,nfix_rate,41.0,nmol-n l-1 h-1,3,table-anchored,
R203,543,Clear Lake - South,nfix_rate,48.0,nmol-n l-1 h-1,3,table-anchored,
R204,544,cyano Feb-02 low salinity,nfix_rate,0.87,g-n m-2 y-1,9,table-anchored,
R204,545,cyano Mar-02 low salinity,nfix_rate,1.94,g-n m-2 y-1,9,table-anchored,
R204,546,cyano Jan-04 low salinity,nfix_rate,3.69,g-n m-2 y-1,9,table-anchored,
R204,547,cyano Feb-08 low salinity,nfix_rate,2.64,g-n m-2 y-1,9,table-anchored,
R204,548,cyano Jun-08 low salinity,nfix_rate,1.06,g-n m-2 y-1,9,table-anchored,
R204,549,cyano Feb-09 low salinity,nfix_rate,3.02,g-n m-2 y-1,9,table-anchored,
R204,550,cyano Feb-02 high salinity,nfix_rate,3.76,g-n m-2 y-1,9,table-anchored,
R204,551,cyano Mar-02 high salinity,nfix_rate,5.94,g-n m-2 y-1,9,table-anchored,
R204,552,cyano Jan-04 high salinity,nfix_rate,1.84,g-n m-2 y-1,9,table-anchored,
R204,553,cyano Jun-08 high salinity,nfix_rate,0.42,g-n m-2 y-1,9,table-anchored,
R209,554,"Lake Waco, Texas",nfix_rate,0.0,ug-n g-1 d-1,6,table-anchored,
R209,555,"Lake Waco, Texas",nfix_rate,42.6,ug-n g-1 d-1,6,table-anchored,
R209,556,"Lake Waco, Texas",nfix_rate,222.0,ug-n g-1 d-1,6,table-anchored,
R209,557,"Lake Waco, Texas",nfix_rate,0.0,ug-n g-1 d-1,6,table-anchored,
R209,558,"Lake Waco, Texas",nfix_rate,67.8,ug-n g-1 d-1,6,table-anchored,
R209,559,"Lake Waco, Texas",nfix_rate,385.0,ug-n g-1 d-1,6,table-anchored,
R209,560,"Lake Waco, Texas",nfix_rate,0.0,ug-n g-1 d-1,6,table-anchored,
R209,561,"Lake Waco, Texas",nfix_rate,6.1,ug-n g-1 d-1,6,table-anchored,
R209,562,"Lake Waco, Texas",nfix_rate,60.7,ug-n g-1 d-1,6,table-anchored,
R21,6,upwelling affected (G17),nfix_rate,5e-06,umol-n2 l-1 h-1,6,table-anchored,
R217,563,"Tamsui estuary, Taipei, Taiwan",nfix_rate,1.74,umol-c2h4 m-2 h-1,4,table-anchored,
R217,564,"Tamsui estuary, Taipei, Taiwan",nfix_rate,0.39,umol-c2h4 m-2 h-1,4,table-anchored,
R217,565,"Tamsui estuary, Taipei, Taiwan",nfix_rate,0.45,umol-c2h4 m-2 h-1,4,table-anchored,
R218,18,Arctic Shelf 1,nfix_rate,5.41,umol-n m-2 d-1,5,table-anchored,
R218,19,Arctic Shelf 6,nfix_rate,50.8,umol-n m-2 d-1,5,table-anchored,
R218,20,Arctic Shelf 11,nfix_rate,0.0,umol-n m-2 d-1,5,table-anchored,
R218,21,Arctic Shelf 13,nfix_rate,26.6,umol-n m-2 d-1,5,table-anchored,
R218,22,Arctic Shelf 47,nfix_rate,14.3,umol-n m-2 d-1,5,table-anchored,
R218,23,Arctic Shelf 102,nfix_rate,6.53,umol-n m-2 d-1,5,table-anchored,
R218,24,Arctic Shelf 108,nfix_rate,19.5,umol-n m-2 d-1,5,table-anchored,
R219,444,Chukchi Sea Station 1,nfix_rate,5.7,nmol-n l-1 d-1,10,table-anchored,
R219,445,Chukchi Sea Station 2,nfix_rate,17.2,nmol-n l-1 d-1,10,table-anchored,
R219,446,Chukchi Sea Station 3,nfix_rate,3.5,nmol-n l-1 d-1,10,table-anchored,
R219,447,Chukchi Sea Station 4,nfix_rate,4.4,nmol-n l-1 d-1,10,table-anchored,
R219,448,Chukchi Sea Station 8,nfix_rate,7.7,nmol-n l-1 d-1,10,table-anchored,
R219,449,Walakpa Bay Station 5,nfix_rate,4.9,nmol-n l-1 d-1,10,table-anchored,
R219,450,Walakpa Bay Station 6,nfix_rate,5.4,nmol-n l-1 d-1,10,table-anchored,
R219,451,Walakpa Bay Station 7,nfix_rate,5.6,nmol-n l-1 d-1,10,table-anchored,
R221,425,Northeastern Chukchi Sea Shelf,nfix_rate,-27.0,umol-n2 m-2 h-1,4,table-anchored,
R221,426,Northeastern Chukchi Sea Shelf,nfix_rate,-27.0,umol-n2 m-2 h-1,4,table-anchored,
R224,566,Rachel Carson Natinal Estuarine Research Researve,nfix_rate,62.6,nmol-c2h4 cm-2 d-1,2,table-anchored,
R224,567,Rachel Carson Natinal Estuarine Research Researve,nfix_rate,97.4,nmol-c2h4 cm-2 d-1,2,table-anchored,
R224,568,Rachel Carson Natinal Estuarine Research Researve,nfix_rate,145.2,nmol-c2h4 cm-2 d-1,2,table-anchored,
R224,569,Rachel Carson Natinal Estuarine Research Researve,nfix_rate,340.3,nmol-c2h4 cm-2 d-1,2,table-anchored,
R224,570,Rachel Carson Natinal Estuarine Research Researve,nfix_rate,307.1,nmol-c2h4 cm-2 d-1,2,table-anchored,
R224,571,Rachel Carson Natinal Estuarine Research Researve,nfix_rate,315.8,nmol-c2h4 cm-2 d-1,2,table-anchored,
R224,572,Rachel Carson Natinal Estuarine Research Researve,nfix_rate,704.3,nmol-c2h4 cm-2 d-1,2,table-anchored,
R224,573,Rachel Carson Natinal Estuarine Research Researve,nfix_rate,105.1,nmol-c2h4 cm-2 d-1,2,table-anchored,
R224,574,Rachel Carson Natinal Estuarine Research Researve,nfix_rate,256.0,nmol-c2h4 cm-2 d-1,2,table-anchored,
R224,575,Rachel Carson Natinal Estuarine Research Researve,nfix_rate,226.9,nmol-c2h4 cm-2 d-1,2,table-anchored,
R224,576,Rachel Carson Natinal Estuarine Research Researve,nfix_rate,134.9,nmol-c2h4 cm-2 d-1,2,table-anchored,
R224,577,Rachel Carson Natinal Estuarine Research Researve,nfix_rate,230.8,nmol-c2h4 cm-2 d-1,2,table-anchored,
R231,0,south west coast of Australia,nfix_rate,0.017,nmol-n l-1 h-1,7,table-anchored,
R231,1,south west coast of Australia,nfix_rate,0.003,nmol-n l-1 h-1,7,table-anchored,
R231,2,south west coast of Australia,nfix_rate,0.007,nmol-n l-1 h-1,7,table-anchored,
R231,3,south west coast of Australia,nfix_rate,0.001,nmol-n l-1 h-1,7,table-anchored,
R233,963,"P1 - La Reserva Ecologica El Eden, Quintana Roo - Yucatan",nfix_rate,2.18,nmol-c2h4 m-2 h-1,6,table-anchored,
R233,964,"P1 - La Reserva Ecologica El Eden, Quintana Roo - Yucatan",nfix_rate,9.13,nmol-c2h4 m-2 h-1,6,table-anchored,
R233,965,"P1 - La Reserva Ecologica El Eden, Quintana Roo - Yucatan",nfix_rate,31.38,nmol-c2h4 m-2 h-1,6,table-anchored,
R233,966,"P2 - La Reserva Ecologica El Eden, Quintana Roo - Yucatan",nfix_rate,0.0,nmol-c2h4 m-2 h-1,6,table-anchored,
R233,967,"P2 - La Reserva Ecologica El Eden, Quintana Roo - Yucatan",nfix_rate,32.61,nmol-c2h4 m-2 h-1,6,table-anchored,
R233,968,"P2 - La Reserva Ecologica El Eden, Quintana Roo - Yucatan",nfix_rate,19.09,nmol-c2h4 m-2 h-1,6,table-anchored,
R233,969,"P3 - La Reserva Ecologica El Eden, Quintana Roo - Yucatan",nfix_rate,18.03,nmol-c2h4 m-2 h-1,6,table-anchored,
R233,970,"P3 - La Reserva Ecologica El Eden, Quintana Roo - Yucatan",nfix_rate,33.9,nmol-c2h4 m-2 h-1,6,table-anchored,
R233,971,"P3 - La Reserva Ecologica El Eden, Quintana Roo - Yucatan",nfix_rate,23.7,nmol-c2h4 m-2 h-1,6,table-anchored,
R233,972,"P4 - La Reserva Ecologica El Eden, Quintana Roo - Yucatan",nfix_rate,2.57,nmol-c2h4 m-2 h-1,6,table-anchored,
R233,973,"P4 - La Reserva Ecologica El Eden, Quintana Roo - Yucatan",nfix_rate,63.94,nmol-c2h4 m-2 h-1,6,table-anchored,
R233,974,"P4 - La Reserva Ecologica El Eden, Quintana Roo - Yucatan",nfix_rate,17.14,nmol-c2h4 m-2 h-1,6,table-anchored,
R235,443,Plum Island Estuary Long Term Ecological Research Site-Reference,nfix_rate,-70.2,umol-n m-2 h-1,5,table-anchored,
R240,578,Great Peconic Bay,nfix_rate,0.19,mmol-n m-2 d-1,4,table-anchored,
R240,579,Great Peconic Bay,nfix_rate,0.55,mmol-n m-2 d-1,4,table-anchored,
R240,580,Great Peconic Bay,nfix_rate,0.3,mmol-n m-2 d-1,4,table-anchored,
R243,975,Arcochon Bay bare sediment,nfix_rate,0.02,mg-n m-2 d-1,4,table-anchored,
R243,976,Arcochon Bay bare sediment,nfix_rate,3.7,mg-n m-2 d-1,4,table-anchored,
R243,977,Arcochon Bay Zolstera noltii colonized sediment,nfix_rate,0.2,mg-n m-2 d-1,4,table-anchored,
R243,978,Arcochon Bay Zolstera noltii colonized sediment,nfix_rate,0.4,mg-n m-2 d-1,4,table-anchored,
R243,979,Arcochon Bay Zolstera noltii colonized sediment,nfix_rate,2.0,mg-n m-2 d-1,4,table-anchored,
R243,980,Arcochon Bay Zolstera noltii colonized sediment,nfix_rate,7.3,mg-n m-2 d-1,4,table-anchored,
R243,981,Arcochon Bay Zolstera noltii colonized sediment,nfix_rate,1.8,mg-n m-2 d-1,4,table-anchored,
R243,982,Arcochon Bay Zolstera noltii colonized sediment,nfix_rate,4.4,mg-n m-2 d-1,4,table-anchored,
R243,983,Arcochon Bay Zolstera noltii colonized sediment,nfix_rate,0.1,mg-n m-2 d-1,4,table-anchored,
R243,984,Arcochon Bay Zolstera noltii colonized sediment,nfix_rate,0.2,mg-n m-2 d-1,4,table-anchored,
R248,583,Fern Lake Bog,nfix_rate,59.0,nmol-c2h4 g-1 d-1,2,table-anchored,
R248,584,Fern Lake Bog,nfix_rate,57.4,nmol-c2h4 g-1 d-1,2,table-anchored,
R248,585,Fern Lake Bog,nfix_rate,318.5,nmol-c2h4 g-1 d-1,2,table-anchored,
R248,586,Fern Lake Bog,nfix_rate,80.8,nmol-c2h4 g-1 d-1,2,table-anchored,
R248,587,J. Arthur Herrick Fen,nfix_rate,32.0,nmol-c2h4 g-1 d-1,2,table-anchored,
R248,588,J. Arthur Herrick Fen,nfix_rate,117.7,nmol-c2h4 g-1 d-1,2,table-anchored,
R248,589,J. Arthur Herrick Fen,nfix_rate,100.4,nmol-c2h4 g-1 d-1,2,table-anchored,
R248,590,Kent Bog,nfix_rate,26.7,nmol-c2h4 g-1 d-1,2,table-anchored,
R248,591,Kent Bog,nfix_rate,11.4,nmol-c2h4 g-1 d-1,2,table-anchored,
R248,592,Triangle Lake Bog,nfix_rate,91.8,nmol-c2h4 g-1 d-1,2,table-anchored,
R248,593,Triangle Lake Bog,nfix_rate,112.1,nmol-c2h4 g-1 d-1,2,table-anchored,
R248,594,Triangle Lake Bog,nfix_rate,122.3,nmol-c2h4 g-1 d-1,2,table-anchored,
R248,595,Triangle Lake Bog,nfix_rate,10.6,nmol-c2h4 g-1 d-1,2,table-anchored,
R248,596,Triangle Lake Bog,nfix_rate,263.3,nmol-c2h4 g-1 d-1,2,table-anchored,
R248,597,Triangle Lake Bog,nfix_rate,12.0,nmol-c2h4 g-1 d-1,2,table-anchored,
R248,598,Triangle Lake Bog,nfix_rate,35.4,nmol-c2h4 g-1 d-1,2,table-anchored,
R248,599,Fern Lake Bog,nfix_rate,205.5,nmol-c2h4 m-2 d-1,2,table-anchored,
R248,600,Fern Lake Bog,nfix_rate,98.9,nmol-c2h4 m-2 d-1,2,table-anchored,
R248,601,Fern Lake Bog,nfix_rate,30.7,nmol-c2h4 m-2 d-1,2,table-anchored,
R248,602,Fern Lake Bog,nfix_rate,130.9,nmol-c2h4 m-2 d-1,2,table-anchored,
R248,603,J. Arthur Herrick Fen,nfix_rate,571.8,nmol-c2h4 m-2 d-1,2,table-anchored,
R248,604,J. Arthur Herrick Fen,nfix_rate,798.1,nmol-c2h4 m-2 d-1,2,table-anchored,
R248,605,J. Arthur Herrick Fen,nfix_rate,1000.8,nmol-c2h4 m-2 d-1,2,table-anchored,
R248,606,Kent Bog,nfix_rate,37.1,nmol-c2h4 m-2 d-1,2,table-anchored,
R248,607,Kent Bog,nfix_rate,54.7,nmol-c2h4 m-2 d-1,2,table-anchored,
R248,608,Triangle Lake Bog,nfix_rate,286.0,nmol-c2h4 m-2 d-1,2,table-anchored,
R248,609,Triangle Lake Bog,nfix_rate,490.0,nmol-c2h4 m-2 d-1,2,table-anchored,
R248,610,Triangle Lake Bog,nfix_rate,433.5,nmol-c2h4 m-2 d-1,2,table-anchored,
R248,611,Triangle Lake Bog,nfix_rate,35.5,nmol-c2h4 m-2 d-1,2,table-anchored,
R248,612,Triangle Lake Bog,nfix_rate,392.7,nmol-c2h4 m-2 d-1,2,table-anchored,
R248,613,Triangle Lake Bog,nfix_rate,58.8,nmol-c2h4 m-2 d-1,2,table-anchored,
R248,614,Triangle Lake Bog,nfix_rate,126.3,nmol-c2h4 m-2 d-1,2,table-anchored,
R249,615,east African coastal lagoon,nfix_rate,1.22,mg-n m-2 d-1,17,table-anchored,
R249,616,east African coastal lagoon,nfix_rate,4.15,mg-n m-2 d-1,17,table-anchored,
R249,617,east African coastal lagoon,nfix_rate,0.36,mg-n m-2 d-1,17,table-anchored,
R249,618,east African coastal lagoon,nfix_rate,0.28,mg-n m-2 d-1,17,table-anchored,
R25,104,"East Weeks Bay, AL",nfix_rate,1.6,umol-n m-2 h-1,9,table-anchored,
R25,105,"Weeks Bay Mouth, AL",nfix_rate,2.4,umol-n m-2 h-1,9,table-anchored,
R25,106,"West Weeks Bay, AL",nfix_rate,2.6,umol-n m-2 h-1,9,table-anchored,
R250,985,Northern South China Sea & Kuroshio,nfix_rate,1.14,umol-n m-2 d-1,5,table-anchored,
R250,986,Northern South China Sea & Kuroshio,nfix_rate,7.36,umol-n m-2 d-1,5,table-anchored,
R250,987,Northern South China Sea & Kuroshio,nfix_rate,3.43,umol-n m-2 d-1,5,table-anchored,
R250,988,Northern South China Sea & Kuroshio,nfix_rate,4.5,umol-n m-2 d-1,5,table-anchored,
R250,989,Northern South China Sea & Kuroshio,nfix_rate,2.22,umol-n m-2 d-1,5,table-anchored,
R250,990,Northern South China Sea & Kuroshio,nfix_rate,4.12,umol-n m-2 d-1,5,table-anchored,
R3,852,"Alcanada, Mediterranean Sea",nfix_rate,1.5,mg-n m-2 d-1,11,table-anchored,
R3,853,"Alcanada, Mediterranean Sea",nfix_rate,2.0,mg-n m-2 d-1,11,table-anchored,
R3,854,"Alcanada, Mediterranean Sea",nfix_rate,0.1,mg-n m-2 d-1,11,table-anchored,
R3,855,"Alcanada, Mediterranean Sea",nfix_rate,0.1,mg-n m-2 d-1,11,table-anchored,
R3,856,"Alcanada, Mediterranean Sea",nfix_rate,0.1,mg-n m-2 d-1,11,table-anchored,
R3,857,"Alcanada, Mediterranean Sea",nfix_rate,0.0,mg-n m-2 d-1,11,table-anchored,
R3,858,"Alcanada, Mediterranean Sea",nfix_rate,0.3,mg-n m-2 d-1,11,table-anchored,
R3,859,"Alcanada, Mediterranean Sea",nfix_rate,0.1,mg-n m-2 d-1,11,table-anchored,
R3,860,"Alcanada, Mediterranean Sea",nfix_rate,0.4,mg-n m-2 d-1,11,table-anchored,
R3,861,"Alcanada, Mediterranean Sea",nfix_rate,0.8,mg-n m-2 d-1,11,table-anchored,
R3,862,"Albufera, Mediterranean Sea",nfix_rate,2.2,mg-n m-2 d-1,11,table-anchored,
R3,863,"Albufera, Mediterranean Sea",nfix_rate,0.6,mg-n m-2 d-1,11,table-anchored,
R3,864,"Arenal, Mediterranean Sea",nfix_rate,0.2,mg-n m-2 d-1,11,table-anchored,
R3,865,"Arenal, Mediterranean Sea",nfix_rate,0.5,mg-n m-2 d-1,11,table-anchored,
R3,866,"Calanova, Mediterranean Sea",nfix_rate,0.5,mg-n m-2 d-1,11,table-anchored,
R3,867,"Calanova, Mediterranean Sea",nfix_rate,0.4,mg-n m-2 d-1,11,table-anchored,
R3,868,"Albufera, Mediterranean Sea",nfix_rate,0.4,mg-n m-2 d-1,11,table-anchored,
R3,869,"Albufera, Mediterranean Sea",nfix_rate,0.6,mg-n m-2 d-1,11,table-anchored,
R3,870,"Arenal, Mediterranean Sea",nfix_rate,1.0,mg-n m-2 d-1,11,table-anchored,
R3,871,"Arenal, Mediterranean Sea",nfix_rate,1.4,mg-n m-2 d-1,11,table-anchored,
R3,872,"Calanova, Mediterranean Sea",nfix_rate,0.3,mg-n m-2 d-1,11,table-anchored,
R3,873,"Calanova, Mediterranean Sea",nfix_rate,0.2,mg-n m-2 d-1,11,table-anchored,
R30,480,Beaufort Sea,nfix_rate,0.14,nmol-n l-1 d-1,4,table-anchored,
R30,481,Lancaster Sound,nfix_rate,0.08,nmol-n l-1 d-1,4,table-anchored,
R30,482,Baffin Bay,nfix_rate,0.02,nmol-n l-1 d-1,4,table-anchored,
R30,483,Gibbs Fjord,nfix_rate,0.46,nmol-n l-1 d-1,4,table-anchored,
R30,484,Kugmallit Bay,nfix_rate,1.36,nmol-n l-1 d-1,4,table-anchored,
R30,485,Mackenzie River,nfix_rate,4.45,nmol-n l-1 d-1,4,table-anchored,
R33,113,SKY & OBS average,nfix_rate,1.69,umol-n g-1 d-1,4,table-anchored,
R33,114,SKY & OBS average,nfix_rate,1.25,umol-c2h4 g-1 d-1,4,table-anchored,
R33,394,Seno Skyring (SKY),nfix_rate,1.02,umol-n g-1 d-1,4,table-anchored,
R33,395,Seno Obstruccion (OBS),nfix_rate,1.25,umol-n g-1 d-1,4,table-anchored,
R33,396,SKY & OBS average,nfix_rate,3.09,umol-n g-1 d-1,4,table-anchored,
R33,397,SKY & OBS average,nfix_rate,2.47,umol-n g-1 d-1,4,table-anchored,
R33,398,SKY & OBS average,nfix_rate,3.94,umol-n g-1 d-1,4,table-anchored,
R33,399,Seno Skyring (SKY),nfix_rate,2.43,umol-c2h4 g-1 d-1,4,table-anchored,
R33,400,Seno Obstruccion (OBS),nfix_rate,1.68,umol-c2h4 g-1 d-1,4,table-anchored,
R33,401,SKY & OBS average,nfix_rate,0.0,umol-c2h4 g-1 d-1,4,table-anchored,
R33,402,SKY & OBS average,nfix_rate,2.35,umol-c2h4 g-1 d-1,4,table-anchored,
R33,403,SKY & OBS average,nfix_rate,18.01,umol-c2h4 g-1 d-1,4,table-anchored,
R38,363,Northern Gulf of Aqaba,nfix_rate,0.06,mmol-n m-2 d-1,6,table-anchored,
R38,364,Northern Gulf of Aqaba,nfix_rate,0.42,mmol-n m-2 d-1,6,table-anchored,
R38,365,Northern Gulf of Aqaba,nfix_rate,4.6,mmol-n m-2 d-1,6,table-anchored,
R38,366,Northern Gulf of Aqaba,nfix_rate,0.4,mmol-n m-2 d-1,6,table-anchored,
R39,185,Pond Baltazar,nfix_rate,0.07,umol-n2 l-1 d-1,21,table-anchored,
R39,186,Pond Baltazar,nfix_rate,0.0,umol-n2 l-1 d-1,21,table-anchored,
R39,404,Pond San Nicolas,nfix_rate,0.37,umol-n2 g-1 d-1,21,table-anchored,
R39,405,Pond San Nicolas,nfix_rate,0.17,umol-n2 g-1 d-1,21,table-anchored,
R39,406,Pond Baltazar,nfix_rate,3.18,umol-n2 g-1 d-1,21,table-anchored,
R39,407,Pond Baltazar,nfix_rate,0.54,umol-n2 g-1 d-1,21,table-anchored,
R4,45,"Alcanada, Alcudia Bay",nfix_rate,1.988,mg-n m-2 d-1,8,table-anchored,
R4,46,"Alcanada, Alcudia Bay",nfix_rate,0.115,mg-n m-2 d-1,8,table-anchored,
R4,47,"Alcanada, Alcudia Bay",nfix_rate,0.012,mg-n m-2 d-1,8,table-anchored,
R4,48,"Alcanada, Alcudia Bay",nfix_rate,0.074,mg-n m-2 d-1,8,table-anchored,
R4,49,"Alcanada, Alcudia Bay",nfix_rate,0.842,mg-n m-2 d-1,8,table-anchored,
R4,50,"Albufera, Alcudia Bay",nfix_rate,2.204,mg-n m-2 d-1,8,table-anchored,
R4,51,"Albufera, Alcudia Bay",nfix_rate,0.56,mg-n m-2 d-1,8,table-anchored,
R4,52,"Arenal, Palma Bay",nfix_rate,0.196,mg-n m-2 d-1,8,table-anchored,
R4,53,"Arenal, Palma Bay",nfix_rate,0.483,mg-n m-2 d-1,8,table-anchored,
R4,54,"Calanova, Palma Bay",nfix_rate,0.511,mg-n m-2 d-1,8,table-anchored,
R4,55,"Calanova, Palma Bay",nfix_rate,0.417,mg-n m-2 d-1,8,table-anchored,
R44,25,South China Sea-upwelling,nfix_rate,0.3,umol-n m-2 d-1,11,table-anchored,
R44,26,South China Sea-upwelling,nfix_rate,33.6,umol-n m-2 d-1,11,table-anchored,
R44,27,South China Sea-upwelling,nfix_rate,2.1,umol-n m-2 d-1,11,table-anchored,
R44,28,South China Sea-Kuroshio,nfix_rate,6.2,umol-n m-2 d-1,11,table-anchored,
R44,29,South China Sea-Kuroshio,nfix_rate,59.4,umol-n m-2 d-1,11,table-anchored,
R44,30,South China Sea-Kuroshio,nfix_rate,3.4,umol-n m-2 d-1,11,table-anchored,
R44,31,South China Sea-Kuroshio,nfix_rate,0.1,umol-n m-2 d-1,11,table-anchored,
R45,486,South China Sea,nfix_rate,45.3,umol-n m-2 d-1,4,table-anchored,
R45,487,South China Sea,nfix_rate,68.7,umol-n m-2 d-1,4,table-anchored,
R47,109,"1 Cape Martin, France",nfix_rate,0.138,nmol-c2h4 cm-3 h-1,2,table-anchored,
R47,110,"1 Cape Martin, France",nfix_rate,3.96,nmol-c2h4 cm-3 h-1,2,table-anchored,
R47,111,2 Monaco,nfix_rate,0.106,nmol-c2h4 cm-3 h-1,2,table-anchored,
R47,112,2 Monaco,nfix_rate,0.128,nmol-c2h4 cm-3 h-1,2,table-anchored,
R51,874,Castle Forbes - Upper,nfix_rate,78.49,umol-n m-2 h-1,7,table-anchored,
R51,875,Castle Forbes - Upper,nfix_rate,41.37,umol-n m-2 h-1,7,table-anchored,
R51,876,Castle Forbes - Upper,nfix_rate,253.14,umol-n m-2 h-1,7,table-anchored,
R51,877,Castle Forbes - Upper,nfix_rate,1.217,umol-n m-2 h-1,7,table-anchored,
R51,878,Castle Forbes - Upper,nfix_rate,1.825,umol-n m-2 h-1,7,table-anchored,
R51,879,Castle Forbes - Upper,nfix_rate,0.0,umol-n m-2 h-1,7,table-anchored,
R51,880,Castle Forbes - Upper,nfix_rate,0.0,umol-n m-2 h-1,7,table-anchored,
R51,881,Castle Forbes - Upper,nfix_rate,1.83,umol-n m-2 h-1,7,table-anchored,
R51,882,Castle Forbes - Upper,nfix_rate,2.43,umol-n m-2 h-1,7,table-anchored,
R51,883,Castle Forbes - Lower,nfix_rate,52.65,umol-n m-2 h-1,7,table-anchored,
R51,884,Castle Forbes - Lower,nfix_rate,12.24,umol-n m-2 h-1,7,table-anchored,
R51,885,Castle Forbes - Lower,nfix_rate,46.53,umol-n m-2 h-1,7,table-anchored,
R51,886,Castle Forbes - Lower,nfix_rate,4.28,umol-n m-2 h-1,7,table-anchored,
R51,887,Castle Forbes - Lower,nfix_rate,0.0,umol-n m-2 h-1,7,table-anchored,
R51,888,Castle Forbes - Lower,nfix_rate,0.0,umol-n m-2 h-1,7,table-anchored,
R51,889,Castle Forbes - Lower,nfix_rate,1.22,umol-n m-2 h-1,7,table-anchored,
R51,890,Castle Forbes - Lower,nfix_rate,1.22,umol-n m-2 h-1,7,table-anchored,
R51,891,Port Cygnet - Upper,nfix_rate,0.504,umol-n m-2 h-1,7,table-anchored,
R51,892,Port Cygnet - Upper,nfix_rate,0.443,umol-n m-2 h-1,7,table-anchored,
R51,893,Port Cygnet - Upper,nfix_rate,0.667,umol-n m-2 h-1,7,table-anchored,
R51,894,Port Cygnet - Upper,nfix_rate,1.42,umol-n m-2 h-1,7,table-anchored,
R51,895,Port Cygnet - Upper,nfix_rate,0.0,umol-n m-2 h-1,7,table-anchored,
R51,896,Port Cygnet - Upper,nfix_rate,0.0,umol-n m-2 h-1,7,table-anchored,
R51,897,Port Cygnet - Lower,nfix_rate,4.78,umol-n m-2 h-1,7,table-anchored,
R51,898,Port Cygnet - Lower,nfix_rate,22.8,umol-n m-2 h-1,7,table-anchored,
R51,899,Port Cygnet - Lower,nfix_rate,15.37,umol-n m-2 h-1,7,table-anchored,
R51,900,Port Cygnet - Lower,nfix_rate,35.13,umol-n m-2 h-1,7,table-anchored,
R51,901,Port Cygnet - Lower,nfix_rate,2.03,umol-n m-2 h-1,7,table-anchored,
R51,902,Port Cygnet - Lower,nfix_rate,0.721,umol-n m-2 h-1,7,table-anchored,
R51,903,Port Cygnet - Lower,nfix_rate,1.12,umol-n m-2 h-1,7,table-anchored,
R51,904,Port Cygnet - Lower,nfix_rate,1.629,umol-n m-2 h-1,7,table-anchored,
R54,837,"Newport River Estuary, North Carolina",nfix_rate,1.26,nmol-c2h4 cm-2 h-1,3,table-anchored,
R54,838,"Newport River Estuary, North Carolina",nfix_rate,8.93,nmol-c2h4 cm-2 h-1,3,table-anchored,
R54,839,"Newport River Estuary, North Carolina",nfix_rate,0.73,nmol-c2h4 cm-2 h-1,3,table-anchored,
R54,840,"Newport River Estuary, North Carolina",nfix_rate,14.02,nmol-c2h4 cm-2 h-1,3,table-anchored,
R54,841,"Newport River Estuary, North Carolina",nfix_rate,4.91,nmol-c2h4 cm-2 h-1,3,table-anchored,
R54,842,"Newport River Estuary, North Carolina",nfix_rate,4.35,nmol-c2h4 cm-2 h-1,3,table-anchored,
R54,843,"Newport River Estuary, North Carolina",nfix_rate,0.94,nmol-c2h4 cm-2 h-1,3,table-anchored,
R54,844,"Newport River Estuary, North Carolina",nfix_rate,1.63,nmol-c2h4 cm-2 h-1,3,table-anchored,
R54,845,"Newport River Estuary, North Carolina",nfix_rate,4.47,nmol-c2h4 cm-2 h-1,3,table-anchored,
R54,846,"Newport River Estuary, North Carolina",nfix_rate,1.21,nmol-c2h4 cm-2 h-1,3,table-anchored,
R54,847,"Newport River Estuary, North Carolina",nfix_rate,4.39,nmol-c2h4 cm-2 h-1,3,table-anchored,
R54,848,"Newport River Estuary, North Carolina",nfix_rate,2.76,nmol-c2h4 cm-2 h-1,3,table-anchored,
R54,849,"Newport River Estuary, North Carolina",nfix_rate,0.85,nmol-c2h4 cm-2 h-1,3,table-anchored,
R54,850,"Newport River Estuary, North Carolina",nfix_rate,0.61,nmol-c2h4 cm-2 h-1,3,table-anchored,
R54,851,"Newport River Estuary, North Carolina",nfix_rate,0.04,nmol-c2h4 cm-2 h-1,3,table-anchored,
R69,488,Green Lake,nfix_rate,28.0,umol-n m-2 d-1,6,table-anchored,
R69,489,Orange Lake,nfix_rate,12.0,umol-n m-2 d-1,6,table-anchored,
R69,490,Ling Lake,nfix_rate,104.0,umol-n m-2 d-1,6,table-anchored,
R69,491,Musclow Lake,nfix_rate,216.0,umol-n m-2 d-1,6,table-anchored,
R69,492,Syndey Lake,nfix_rate,36.0,umol-n m-2 d-1,6,table-anchored,
R69,493,Trout Lake,nfix_rate,45.0,umol-n m-2 d-1,6,table-anchored,
R7,207,Sawi Bay S1,nfix_rate,0.0,umol-n m-2 h-1,5,table-anchored,
R7,208,Sawi Bay S2,nfix_rate,8.0,umol-n m-2 h-1,5,table-anchored,
R7,209,Sawi Bay S3,nfix_rate,24.0,umol-n m-2 h-1,5,table-anchored,
R7,210,Sawi Bay S4,nfix_rate,2.0,umol-n m-2 h-1,5,table-anchored,
R7,211,Sawi Bay S1,nfix_rate,0.0,umol-n m-2 h-1,5,table-anchored,
R7,212,Sawi Bay S2,nfix_rate,2.0,umol-n m-2 h-1,5,table-anchored,
R7,213,Sawi Bay S3,nfix_rate,10.0,umol-n m-2 h-1,5,table-anchored,
R7,214,Sawi Bay S4,nfix_rate,6.0,umol-n m-2 h-1,5,table-anchored,
R70,180,Shelburne Pond,nfix_rate,0.8,nmol-n l-1 h-1,10,table-anchored,
R70,181,Shelburne Pond,nfix_rate,9.62,nmol-n l-1 h-1,10,table-anchored,
R70,182,Shelburne Pond,nfix_rate,1.28,nmol-n l-1 h-1,10,table-anchored,
R70,183,Shelburne Pond,nfix_rate,0.0,nmol-n l-1 h-1,10,table-anchored,
R70,184,Shelburne Pond,nfix_rate,0.38,nmol-n l-1 h-1,10,table-anchored,
R71,905,Byers Peninsula pond,nfix_rate,0.02,ug-n cm-2 h-1,5,table-anchored,
R71,906,Byers Peninsula stream,nfix_rate,0.002,ug-n cm-2 h-1,5,table-anchored,
R73,907,Waquoit Bay South Basin,nfix_rate,-7.6,umol-n m-2 h-1,4,table-anchored,
R73,908,Waquoit Bay Metoxit Point,nfix_rate,-19.0,umol-n m-2 h-1,4,table-anchored,
R73,909,Waquoit Bay Metoxit Point,nfix_rate,-28.0,umol-n m-2 h-1,4,table-anchored,
R73,910,Waquoit Bay Metoxit Point,nfix_rate,-4.0,umol-n m-2 h-1,4,table-anchored,
R73,911,Waquoit Bay Metoxit Point,nfix_rate,-19.0,umol-n m-2 h-1,4,table-anchored,
R75,912,1 Fields Point,nfix_rate,-26.6,umol-n m-2 h-1,5,table-anchored,
R75,913,1 Fields Point,nfix_rate,-246.4,umol-n m-2 h-1,5,table-anchored,
R75,914,2 Conimicut Point,nfix_rate,-30.3,umol-n m-2 h-1,5,table-anchored,
R75,915,3 Barrington,nfix_rate,-136.6,umol-n m-2 h-1,5,table-anchored,
R75,916,3 Barrington,nfix_rate,-652.0,umol-n m-2 h-1,5,table-anchored,
R75,917,6 Greenwich Bay Outer,nfix_rate,-4.8,umol-n m-2 h-1,5,table-anchored,
R75,918,7 Jamestown,nfix_rate,-174.9,umol-n m-2 h-1,5,table-anchored,
R75,919,7 Jamestown,nfix_rate,-213.5,umol-n m-2 h-1,5,table-anchored,
R76,430,Narragansett Bay,nfix_rate,-25.0,umol-n m-2 h-1,1,table-anchored,
R76,431,Narragansett Bay,nfix_rate,-245.0,umol-n m-2 h-1,1,table-anchored,
R76,432,Narragansett Bay,nfix_rate,-30.0,umol-n m-2 h-1,1,table-anchored,
R76,433,Narragansett Bay,nfix_rate,-135.0,umol-n m-2 h-1,1,table-anchored,
R76,434,Narragansett Bay,nfix_rate,-650.0,umol-n m-2 h-1,1,table-anchored,
R76,435,Narragansett Bay,nfix_rate,-75.0,umol-n m-2 h-1,1,table-anchored,
R76,436,Narragansett Bay,nfix_rate,-276.0,umol-n m-2 h-1,1,table-anchored,
R78,427,"Narragansett Bay, RI",nfix_rate,-10.3,umol-n m-2 h-1,3,table-anchored,
R79,127,"Imboacica Lagoon, Brazil",nfix_rate,0.46,nmol-n g-1 h-1,5,table-anchored,
R79,128,"Imboacica Lagoon, Brazil",nfix_rate,0.27,nmol-n g-1 h-1,5,table-anchored,
R79,129,"Imboacica Lagoon, Brazil",nfix_rate,0.45,nmol-n g-1 h-1,5,table-anchored,
R79,130,"Imboacica Lagoon, Brazil",nfix_rate,0.38,nmol-n g-1 h-1,5,table-anchored,
R79,131,"Imboacica Lagoon, Brazil",nfix_rate,0.07,nmol-n g-1 h-1,5,table-anchored,
R79,132,"Imboacica Lagoon, Brazil",nfix_rate,0.29,nmol-n g-1 h-1,5,table-anchored,
R79,133,"Imboacica Lagoon, Brazil",nfix_rate,0.26,nmol-n g-1 h-1,5,table-anchored,
R79,134,"Imboacica Lagoon, Brazil",nfix_rate,0.02,nmol-n g-1 h-1,5,table-anchored,
R79,135,"Imboacica Lagoon, Brazil",nfix_rate,0.19,nmol-n g-1 h-1,5,table-anchored,
R8,201,Matang Mangrove Forest MVR,nfix_rate,2.3,mmol-n2 m-2 d-1,10,table-anchored,
R8,202,Matang Mangrove Forest MVR,nfix_rate,0.0,mmol-n2 m-2 d-1,10,table-anchored,
R8,203,Matang Mangrove Forest M18,nfix_rate,3.0,mmol-n2 m-2 d-1,10,table-anchored,
R8,204,Matang Mangrove Forest M18,nfix_rate,0.0,mmol-n2 m-2 d-1,10,table-anchored,
R8,205,Matang Mangrove Forest M5,nfix_rate,0.0,mmol-n2 m-2 d-1,10,table-anchored,
R8,206,Matang Mangrove Forest M5,nfix_rate,0.0,mmol-n2 m-2 d-1,10,table-anchored,
R82,920,Laguna Madre 155,nfix_rate,-28.0,umol-n m-2 h-1,5,table-anchored,
R82,921,Laguna Madre 189,nfix_rate,-16.0,umol-n m-2 h-1,5,table-anchored,
R82,922,Laguna Madre 189,nfix_rate,-6.0,umol-n m-2 h-1,5,table-anchored,
R82,923,Baffin Bay 6,nfix_rate,-18.0,umol-n m-2 h-1,5,table-anchored,
R82,924,Baffin Bay 24,nfix_rate,-24.0,umol-n m-2 h-1,5,table-anchored,
R85,172,"2001, Fog 2, ambient",nfix_rate,0.097,mg-n m-2 d-1,3,table-anchored,
R85,173,"2001, Fog 2, control",nfix_rate,0.24,mg-n m-2 d-1,3,table-anchored,
R85,174,"2002, Fog 2, ambient",nfix_rate,0.88,mg-n m-2 d-1,3,table-anchored,
R85,175,"2002, Fog 2, control",nfix_rate,0.39,mg-n m-2 d-1,3,table-anchored,
R85,176,"2002, S-6, ambient",nfix_rate,0.36,mg-n m-2 d-1,3,table-anchored,
R85,177,"2002, S-6, control",nfix_rate,0.35,mg-n m-2 d-1,3,table-anchored,
R85,178,"2003, Fog 2, ambient",nfix_rate,0.27,mg-n m-2 d-1,3,table-anchored,
R85,179,"2003, Fog 2, control",nfix_rate,0.24,mg-n m-2 d-1,3,table-anchored,
R87,498,Smeerenburgfjorden,nfix_rate,20.0,umol-n m-2 h-1,8,table-anchored,
R87,499,Kongsfjorden,nfix_rate,0.0,umol-n m-2 h-1,8,table-anchored,
R9,452,HAY,nfix_rate,132.0,umol-n m-2 d-1,20,table-anchored,
R9,453,HAN,nfix_rate,181.0,umol-n m-2 d-1,20,table-anchored,
R9,454,BUK,nfix_rate,374.0,umol-n m-2 d-1,20,table-anchored,
R9,455,PCB,nfix_rate,308.0,umol-n m-2 d-1,20,table-anchored,
R9,456,HIG,nfix_rate,70.0,umol-n m-2 d-1,20,table-anchored,
R9,457,RUS,nfix_rate,191.0,umol-n m-2 d-1,20,table-anchored,
R9,458,HAY,nfix_rate,0.0,umol-n m-2 d-1,20,table-anchored,
R9,459,HAN,nfix_rate,0.0,umol-n m-2 d-1,20,table-anchored,
R9,460,BUK,nfix_rate,0.0,umol-n m-2 d-1,20,table-anchored,
R9,461,PCB,nfix_rate,72.0,umol-n m-2 d-1,20,table-anchored,
R9,462,LOW,nfix_rate,313.0,umol-n m-2 d-1,20,table-anchored,
R9,463,CNS,nfix_rate,0.0,umol-n m-2 d-1,20,table-anchored,
R9,464,HIG,nfix_rate,0.0,umol-n m-2 d-1,20,table-anchored,
R9,465,RUS,nfix_rate,93.0,umol-n m-2 d-1,20,table-anchored,
R9,466,HAY,nfix_rate,0.0,umol-n m-2 d-1,20,table-anchored,
R9,467,HAN,nfix_rate,100.0,umol-n m-2 d-1,20,table-anchored,
R9,468,BUK,nfix_rate,0.0,umol-n m-2 d-1,20,table-anchored,
R9,469,PCB,nfix_rate,10.0,umol-n m-2 d-1,20,table-anchored,
R9,470,LOW,nfix_rate,54.0,umol-n m-2 d-1,20,table-anchored,
R9,471,CNS,nfix_rate,0.0,umol-n m-2 d-1,20,table-anchored,
R9,472,HIG,nfix_rate,0.0,umol-n m-2 d-1,20,table-anchored,
R9,473,RUS,nfix_rate,0.0,umol-n m-2 d-1,20,table-anchored,
R9,474,FIZ,nfix_rate,0.0,umol-n m-2 d-1,20,table-anchored,
R93,500,Mekong River Delta,nfix_rate,1.13,nmol-n l-1 h-1,5,table-anchored,
R93,501,Mekong River Delta,nfix_rate,14.33,nmol-n l-1 h-1,5,table-anchored,
R93,502,Mekong River Delta,nfix_rate,10.55,nmol-n l-1 h-1,5,table-anchored,
R93,503,Mekong River Delta,nfix_rate,0.26,nmol-n l-1 h-1,5,table-anchored,
R93,504,Mekong River Delta,nfix_rate,1.81,nmol-n l-1 h-1,5,table-anchored,
R95,925,Lake Okeechobee Central,nfix_rate,0.01,umol-n l-1 h-1,6,table-anchored,
R95,926,Lake Okeechobee North,nfix_rate,0.01,umol-n l-1 h-1,6,table-anchored,
R95,927,Lake Okeechobee South,nfix_rate,0.2,umol-n l-1 h-1,6,table-anchored,
R95,928,Lake Okeechobee West,nfix_rate,0.38,umol-n l-1 h-1,6,table-anchored,
R99,929,Wax Lake Delta - young,nfix_rate,-23.61,umol-n m-2 h-1,9,table-anchored,
